date,market,channel,currency,spend,impressions,clicks,new_customers
2024-01-01,at,direct,EUR,0.00,0,0,0
2024-01-01,at,email,EUR,0.02,17,1,0
2024-01-01,at,google,EUR,0.27,13,0,0
2024-01-01,at,meta,EUR,3.55,340,3,0
2024-01-01,at,organic,EUR,0.00,0,0,0
2024-01-01,de,direct,EUR,0.00,0,0,1
2024-01-01,de,email,EUR,0.17,96,5,0
2024-01-01,de,google,EUR,2.10,63,2,0
2024-01-01,de,meta,EUR,11.65,1478,30,0
2024-01-01,de,organic,EUR,0.00,0,0,0
2024-01-01,fr,direct,EUR,0.00,0,0,0
2024-01-01,fr,email,EUR,0.09,62,4,0
2024-01-01,fr,google,EUR,1.45,48,1,0
2024-01-01,fr,meta,EUR,9.19,872,11,0
2024-01-01,fr,organic,EUR,0.00,0,0,1
2024-01-02,at,direct,EUR,0.00,0,0,0
2024-01-02,at,email,EUR,0.03,24,1,0
2024-01-02,at,google,EUR,0.21,11,0,0
2024-01-02,at,meta,EUR,1.26,158,3,0
2024-01-02,at,organic,EUR,0.00,0,0,0
2024-01-02,de,direct,EUR,0.00,0,0,0
2024-01-02,de,email,EUR,0.15,91,1,0
2024-01-02,de,google,EUR,2.22,95,10,0
2024-01-02,de,meta,EUR,12.89,1509,19,0
2024-01-02,de,organic,EUR,0.00,0,0,0
2024-01-02,fr,direct,EUR,0.00,0,0,0
2024-01-02,fr,email,EUR,0.11,89,2,0
2024-01-02,fr,google,EUR,1.52,45,3,1
2024-01-02,fr,meta,EUR,20.56,2852,29,0
2024-01-02,fr,organic,EUR,0.00,0,0,0
2024-01-03,at,direct,EUR,0.00,0,0,0
2024-01-03,at,email,EUR,0.04,20,1,0
2024-01-03,at,google,EUR,0.25,14,0,0
2024-01-03,at,meta,EUR,2.55,234,2,0
2024-01-03,at,organic,EUR,0.00,0,0,0
2024-01-03,de,direct,EUR,0.00,0,0,0
2024-01-03,de,email,EUR,0.12,81,2,0
2024-01-03,de,google,EUR,3.03,168,10,0
2024-01-03,de,meta,EUR,13.34,1800,19,0
2024-01-03,de,organic,EUR,0.00,0,0,0
2024-01-03,fr,direct,EUR,0.00,0,0,0
2024-01-03,fr,email,EUR,0.15,81,0,0
2024-01-03,fr,google,EUR,0.71,28,2,0
2024-01-03,fr,meta,EUR,16.20,1753,23,0
2024-01-03,fr,organic,EUR,0.00,0,0,0
2024-01-04,at,direct,EUR,0.00,0,0,0
2024-01-04,at,email,EUR,0.05,56,2,0
2024-01-04,at,google,EUR,0.31,10,1,0
2024-01-04,at,meta,EUR,1.60,173,5,0
2024-01-04,at,organic,EUR,0.00,0,0,0
2024-01-04,de,direct,EUR,0.00,0,0,0
2024-01-04,de,email,EUR,0.09,48,1,0
2024-01-04,de,google,EUR,4.09,136,5,0
2024-01-04,de,meta,EUR,22.87,2329,26,0
2024-01-04,de,organic,EUR,0.00,0,0,0
2024-01-04,fr,direct,EUR,0.00,0,0,0
2024-01-04,fr,email,EUR,0.18,106,3,0
2024-01-04,fr,google,EUR,1.52,74,2,0
2024-01-04,fr,meta,EUR,4.17,519,10,0
2024-01-04,fr,organic,EUR,0.00,0,0,0
2024-01-05,at,direct,EUR,0.00,0,0,0
2024-01-05,at,email,EUR,0.03,23,2,0
2024-01-05,at,google,EUR,0.33,13,0,0
2024-01-05,at,meta,EUR,2.17,265,2,0
2024-01-05,at,organic,EUR,0.00,0,0,0
2024-01-05,de,direct,EUR,0.00,0,0,0
2024-01-05,de,email,EUR,0.11,59,2,0
2024-01-05,de,google,EUR,3.64,160,10,0
2024-01-05,de,meta,EUR,16.96,2231,35,0
2024-01-05,de,organic,EUR,0.00,0,0,0
2024-01-05,fr,direct,EUR,0.00,0,0,0
2024-01-05,fr,email,EUR,0.14,163,5,0
2024-01-05,fr,google,EUR,1.16,44,1,0
2024-01-05,fr,meta,EUR,11.29,1164,21,0
2024-01-05,fr,organic,EUR,0.00,0,0,0
2024-01-06,at,direct,EUR,0.00,0,0,0
2024-01-06,at,email,EUR,0.03,23,1,0
2024-01-06,at,google,EUR,0.34,10,0,0
2024-01-06,at,meta,EUR,2.48,253,1,0
2024-01-06,at,organic,EUR,0.00,0,0,0
2024-01-06,de,direct,EUR,0.00,0,0,0
2024-01-06,de,email,EUR,0.13,69,0,0
2024-01-06,de,google,EUR,1.50,53,0,0
2024-01-06,de,meta,EUR,18.52,2901,26,0
2024-01-06,de,organic,EUR,0.00,0,0,0
2024-01-06,fr,direct,EUR,0.00,0,0,0
2024-01-06,fr,email,EUR,0.21,120,2,0
2024-01-06,fr,google,EUR,3.01,107,4,0
2024-01-06,fr,meta,EUR,15.43,1855,21,0
2024-01-06,fr,organic,EUR,0.00,0,0,0
2024-01-07,at,direct,EUR,0.00,0,0,0
2024-01-07,at,email,EUR,0.03,35,4,0
2024-01-07,at,google,EUR,0.24,7,0,0
2024-01-07,at,meta,EUR,1.70,180,4,0
2024-01-07,at,organic,EUR,0.00,0,0,0
2024-01-07,de,direct,EUR,0.00,0,0,0
2024-01-07,de,email,EUR,0.11,62,3,0
2024-01-07,de,google,EUR,2.36,117,3,0
2024-01-07,de,meta,EUR,11.01,1596,23,0
2024-01-07,de,organic,EUR,0.00,0,0,0
2024-01-07,fr,direct,EUR,0.00,0,0,0
2024-01-07,fr,email,EUR,0.07,36,3,0
2024-01-07,fr,google,EUR,2.06,72,6,0
2024-01-07,fr,meta,EUR,7.68,1140,11,0
2024-01-07,fr,organic,EUR,0.00,0,0,0
2024-01-08,at,direct,EUR,0.00,0,0,0
2024-01-08,at,email,EUR,0.03,23,2,0
2024-01-08,at,google,EUR,0.25,9,0,0
2024-01-08,at,meta,EUR,1.80,176,0,0
2024-01-08,at,organic,EUR,0.00,0,0,0
2024-01-08,de,direct,EUR,0.00,0,0,0
2024-01-08,de,email,EUR,0.10,61,1,0
2024-01-08,de,google,EUR,4.72,199,7,0
2024-01-08,de,meta,EUR,15.85,1858,31,0
2024-01-08,de,organic,EUR,0.00,0,0,0
2024-01-08,fr,direct,EUR,0.00,0,0,0
2024-01-08,fr,email,EUR,0.09,55,1,0
2024-01-08,fr,google,EUR,1.82,90,4,0
2024-01-08,fr,meta,EUR,7.75,1148,18,0
2024-01-08,fr,organic,EUR,0.00,0,0,0
2024-01-09,at,direct,EUR,0.00,0,0,0
2024-01-09,at,email,EUR,0.04,23,2,0
2024-01-09,at,google,EUR,0.18,8,0,0
2024-01-09,at,meta,EUR,2.24,220,0,0
2024-01-09,at,organic,EUR,0.00,0,0,0
2024-01-09,de,direct,EUR,0.00,0,0,0
2024-01-09,de,email,EUR,0.09,96,1,0
2024-01-09,de,google,EUR,2.78,99,8,0
2024-01-09,de,meta,EUR,21.83,2574,35,0
2024-01-09,de,organic,EUR,0.00,0,0,0
2024-01-09,fr,direct,EUR,0.00,0,0,0
2024-01-09,fr,email,EUR,0.07,49,3,0
2024-01-09,fr,google,EUR,1.38,64,1,0
2024-01-09,fr,meta,EUR,8.67,1285,18,0
2024-01-09,fr,organic,EUR,0.00,0,0,0
2024-01-10,at,direct,EUR,0.00,0,0,0
2024-01-10,at,email,EUR,0.02,13,1,0
2024-01-10,at,google,EUR,0.25,8,1,0
2024-01-10,at,meta,EUR,2.00,291,4,1
2024-01-10,at,organic,EUR,0.00,0,0,0
2024-01-10,de,direct,EUR,0.00,0,0,0
2024-01-10,de,email,EUR,0.09,52,1,0
2024-01-10,de,google,EUR,1.72,85,3,0
2024-01-10,de,meta,EUR,18.62,2321,41,0
2024-01-10,de,organic,EUR,0.00,0,0,0
2024-01-10,fr,direct,EUR,0.00,0,0,0
2024-01-10,fr,email,EUR,0.11,97,2,0
2024-01-10,fr,google,EUR,1.16,39,3,0
2024-01-10,fr,meta,EUR,11.67,1553,29,0
2024-01-10,fr,organic,EUR,0.00,0,0,0
2024-01-11,at,direct,EUR,0.00,0,0,0
2024-01-11,at,email,EUR,0.03,26,0,0
2024-01-11,at,google,EUR,0.40,12,0,0
2024-01-11,at,meta,EUR,1.56,228,1,0
2024-01-11,at,organic,EUR,0.00,0,0,0
2024-01-11,de,direct,EUR,0.00,0,0,0
2024-01-11,de,email,EUR,0.08,44,2,0
2024-01-11,de,google,EUR,2.72,145,9,0
2024-01-11,de,meta,EUR,19.40,1931,37,0
2024-01-11,de,organic,EUR,0.00,0,0,0
2024-01-11,fr,direct,EUR,0.00,0,0,0
2024-01-11,fr,email,EUR,0.23,143,4,0
2024-01-11,fr,google,EUR,1.32,57,3,0
2024-01-11,fr,meta,EUR,7.22,705,18,0
2024-01-11,fr,organic,EUR,0.00,0,0,0
2024-01-12,at,direct,EUR,0.00,0,0,0
2024-01-12,at,email,EUR,0.03,24,4,0
2024-01-12,at,google,EUR,0.22,10,1,0
2024-01-12,at,meta,EUR,3.32,502,9,0
2024-01-12,at,organic,EUR,0.00,0,0,0
2024-01-12,de,direct,EUR,0.00,0,0,0
2024-01-12,de,email,EUR,0.13,68,3,0
2024-01-12,de,google,EUR,1.85,59,2,0
2024-01-12,de,meta,EUR,20.59,1784,34,0
2024-01-12,de,organic,EUR,0.00,0,0,0
2024-01-12,fr,direct,EUR,0.00,0,0,0
2024-01-12,fr,email,EUR,0.29,191,3,0
2024-01-12,fr,google,EUR,3.14,147,15,0
2024-01-12,fr,meta,EUR,15.82,1620,45,0
2024-01-12,fr,organic,EUR,0.00,0,0,0
2024-01-13,at,direct,EUR,0.00,0,0,0
2024-01-13,at,email,EUR,0.02,19,0,0
2024-01-13,at,google,EUR,0.33,12,1,0
2024-01-13,at,meta,EUR,3.47,359,9,0
2024-01-13,at,organic,EUR,0.00,0,0,0
2024-01-13,de,direct,EUR,0.00,0,0,0
2024-01-13,de,email,EUR,0.09,48,3,0
2024-01-13,de,google,EUR,4.14,120,9,1
2024-01-13,de,meta,EUR,11.95,1871,27,0
2024-01-13,de,organic,EUR,0.00,0,0,0
2024-01-13,fr,direct,EUR,0.00,0,0,0
2024-01-13,fr,email,EUR,0.18,213,0,0
2024-01-13,fr,google,EUR,1.50,65,2,0
2024-01-13,fr,meta,EUR,11.47,1055,18,0
2024-01-13,fr,organic,EUR,0.00,0,0,0
2024-01-14,at,direct,EUR,0.00,0,0,0
2024-01-14,at,email,EUR,0.02,23,0,0
2024-01-14,at,google,EUR,0.19,8,1,0
2024-01-14,at,meta,EUR,2.48,207,5,0
2024-01-14,at,organic,EUR,0.00,0,0,0
2024-01-14,de,direct,EUR,0.00,0,0,0
2024-01-14,de,email,EUR,0.07,52,0,0
2024-01-14,de,google,EUR,1.49,66,9,0
2024-01-14,de,meta,EUR,9.66,1217,11,0
2024-01-14,de,organic,EUR,0.00,0,0,0
2024-01-14,fr,direct,EUR,0.00,0,0,0
2024-01-14,fr,email,EUR,0.10,70,2,0
2024-01-14,fr,google,EUR,0.63,33,0,0
2024-01-14,fr,meta,EUR,6.12,574,6,0
2024-01-14,fr,organic,EUR,0.00,0,0,0
2024-01-15,at,direct,EUR,0.00,0,0,0
2024-01-15,at,email,EUR,0.02,13,0,0
2024-01-15,at,google,EUR,0.28,9,0,0
2024-01-15,at,meta,EUR,1.33,153,7,0
2024-01-15,at,organic,EUR,0.00,0,0,0
2024-01-15,de,direct,EUR,0.00,0,0,0
2024-01-15,de,email,EUR,0.10,56,1,0
2024-01-15,de,google,EUR,2.23,77,2,0
2024-01-15,de,meta,EUR,12.97,1420,27,0
2024-01-15,de,organic,EUR,0.00,0,0,0
2024-01-15,fr,direct,EUR,0.00,0,0,0
2024-01-15,fr,email,EUR,0.12,65,4,0
2024-01-15,fr,google,EUR,1.92,58,2,0
2024-01-15,fr,meta,EUR,12.47,1357,33,0
2024-01-15,fr,organic,EUR,0.00,0,0,0
2024-01-16,at,direct,EUR,0.00,0,0,0
2024-01-16,at,email,EUR,0.03,34,0,0
2024-01-16,at,google,EUR,0.25,11,0,0
2024-01-16,at,meta,EUR,2.44,299,4,0
2024-01-16,at,organic,EUR,0.00,0,0,0
2024-01-16,de,direct,EUR,0.00,0,0,0
2024-01-16,de,email,EUR,0.08,80,2,0
2024-01-16,de,google,EUR,1.78,51,7,0
2024-01-16,de,meta,EUR,11.71,1645,29,0
2024-01-16,de,organic,EUR,0.00,0,0,0
2024-01-16,fr,direct,EUR,0.00,0,0,0
2024-01-16,fr,email,EUR,0.16,94,1,0
2024-01-16,fr,google,EUR,2.33,124,10,0
2024-01-16,fr,meta,EUR,5.91,847,16,0
2024-01-16,fr,organic,EUR,0.00,0,0,0
2024-01-17,at,direct,EUR,0.00,0,0,0
2024-01-17,at,email,EUR,0.04,30,2,0
2024-01-17,at,google,EUR,0.46,16,1,0
2024-01-17,at,meta,EUR,2.88,278,5,0
2024-01-17,at,organic,EUR,0.00,0,0,0
2024-01-17,de,direct,EUR,0.00,0,0,0
2024-01-17,de,email,EUR,0.14,120,7,0
2024-01-17,de,google,EUR,2.06,71,2,0
2024-01-17,de,meta,EUR,11.14,1292,14,0
2024-01-17,de,organic,EUR,0.00,0,0,0
2024-01-17,fr,direct,EUR,0.00,0,0,0
2024-01-17,fr,email,EUR,0.09,95,3,1
2024-01-17,fr,google,EUR,2.57,107,5,0
2024-01-17,fr,meta,EUR,8.37,947,17,0
2024-01-17,fr,organic,EUR,0.00,0,0,0
2024-01-18,at,direct,EUR,0.00,0,0,0
2024-01-18,at,email,EUR,0.03,36,0,0
2024-01-18,at,google,EUR,0.35,11,0,0
2024-01-18,at,meta,EUR,1.77,203,2,0
2024-01-18,at,organic,EUR,0.00,0,0,0
2024-01-18,de,direct,EUR,0.00,0,0,0
2024-01-18,de,email,EUR,0.16,116,2,0
2024-01-18,de,google,EUR,3.90,140,5,0
2024-01-18,de,meta,EUR,9.00,917,20,1
2024-01-18,de,organic,EUR,0.00,0,0,0
2024-01-18,fr,direct,EUR,0.00,0,0,0
2024-01-18,fr,email,EUR,0.12,64,2,0
2024-01-18,fr,google,EUR,2.20,65,3,1
2024-01-18,fr,meta,EUR,8.58,810,20,0
2024-01-18,fr,organic,EUR,0.00,0,0,0
2024-01-19,at,direct,EUR,0.00,0,0,0
2024-01-19,at,email,EUR,0.03,28,0,0
2024-01-19,at,google,EUR,0.22,7,0,0
2024-01-19,at,meta,EUR,2.64,240,3,0
2024-01-19,at,organic,EUR,0.00,0,0,0
2024-01-19,de,direct,EUR,0.00,0,0,0
2024-01-19,de,email,EUR,0.12,59,2,0
2024-01-19,de,google,EUR,2.80,153,2,0
2024-01-19,de,meta,EUR,11.46,1433,18,1
2024-01-19,de,organic,EUR,0.00,0,0,0
2024-01-19,fr,direct,EUR,0.00,0,0,0
2024-01-19,fr,email,EUR,0.24,150,3,0
2024-01-19,fr,google,EUR,2.51,75,3,0
2024-01-19,fr,meta,EUR,21.07,3358,54,0
2024-01-19,fr,organic,EUR,0.00,0,0,0
2024-01-20,at,direct,EUR,0.00,0,0,0
2024-01-20,at,email,EUR,0.04,30,0,0
2024-01-20,at,google,EUR,0.43,14,0,0
2024-01-20,at,meta,EUR,2.68,256,1,0
2024-01-20,at,organic,EUR,0.00,0,0,0
2024-01-20,de,direct,EUR,0.00,0,0,0
2024-01-20,de,email,EUR,0.13,65,3,0
2024-01-20,de,google,EUR,2.42,112,5,0
2024-01-20,de,meta,EUR,16.75,1667,22,0
2024-01-20,de,organic,EUR,0.00,0,0,0
2024-01-20,fr,direct,EUR,0.00,0,0,0
2024-01-20,fr,email,EUR,0.12,87,3,0
2024-01-20,fr,google,EUR,1.88,66,5,1
2024-01-20,fr,meta,EUR,9.50,1025,24,0
2024-01-20,fr,organic,EUR,0.00,0,0,0
2024-01-21,at,direct,EUR,0.00,0,0,0
2024-01-21,at,email,EUR,0.04,28,2,0
2024-01-21,at,google,EUR,0.19,6,0,0
2024-01-21,at,meta,EUR,3.35,409,12,0
2024-01-21,at,organic,EUR,0.00,0,0,0
2024-01-21,de,direct,EUR,0.00,0,0,0
2024-01-21,de,email,EUR,0.12,67,3,0
2024-01-21,de,google,EUR,1.41,76,3,1
2024-01-21,de,meta,EUR,12.31,1336,16,0
2024-01-21,de,organic,EUR,0.00,0,0,0
2024-01-21,fr,direct,EUR,0.00,0,0,0
2024-01-21,fr,email,EUR,0.09,89,1,0
2024-01-21,fr,google,EUR,0.69,26,0,0
2024-01-21,fr,meta,EUR,4.25,554,9,0
2024-01-21,fr,organic,EUR,0.00,0,0,0
2024-01-22,at,direct,EUR,0.00,0,0,0
2024-01-22,at,email,EUR,0.02,18,1,1
2024-01-22,at,google,EUR,0.22,7,1,0
2024-01-22,at,meta,EUR,3.76,624,10,0
2024-01-22,at,organic,EUR,0.00,0,0,0
2024-01-22,de,direct,EUR,0.00,0,0,0
2024-01-22,de,email,EUR,0.09,59,0,0
2024-01-22,de,google,EUR,1.25,50,5,0
2024-01-22,de,meta,EUR,10.87,1210,21,0
2024-01-22,de,organic,EUR,0.00,0,0,1
2024-01-22,fr,direct,EUR,0.00,0,0,0
2024-01-22,fr,email,EUR,0.13,74,4,1
2024-01-22,fr,google,EUR,1.42,57,3,0
2024-01-22,fr,meta,EUR,7.47,1114,21,0
2024-01-22,fr,organic,EUR,0.00,0,0,0
2024-01-23,at,direct,EUR,0.00,0,0,0
2024-01-23,at,email,EUR,0.02,26,0,0
2024-01-23,at,google,EUR,0.31,16,1,0
2024-01-23,at,meta,EUR,1.35,149,1,0
2024-01-23,at,organic,EUR,0.00,0,0,0
2024-01-23,de,direct,EUR,0.00,0,0,0
2024-01-23,de,email,EUR,0.09,113,3,0
2024-01-23,de,google,EUR,1.58,48,0,0
2024-01-23,de,meta,EUR,14.91,1712,38,0
2024-01-23,de,organic,EUR,0.00,0,0,0
2024-01-23,fr,direct,EUR,0.00,0,0,0
2024-01-23,fr,email,EUR,0.15,103,0,0
2024-01-23,fr,google,EUR,1.79,64,5,0
2024-01-23,fr,meta,EUR,10.77,1213,26,0
2024-01-23,fr,organic,EUR,0.00,0,0,0
2024-01-24,at,direct,EUR,0.00,0,0,0
2024-01-24,at,email,EUR,0.04,40,2,0
2024-01-24,at,google,EUR,0.26,10,1,0
2024-01-24,at,meta,EUR,4.96,671,12,0
2024-01-24,at,organic,EUR,0.00,0,0,0
2024-01-24,de,direct,EUR,0.00,0,0,0
2024-01-24,de,email,EUR,0.17,116,3,0
2024-01-24,de,google,EUR,2.51,133,4,0
2024-01-24,de,meta,EUR,13.46,1680,17,0
2024-01-24,de,organic,EUR,0.00,0,0,0
2024-01-24,fr,direct,EUR,0.00,0,0,0
2024-01-24,fr,email,EUR,0.12,118,2,0
2024-01-24,fr,google,EUR,1.50,68,3,0
2024-01-24,fr,meta,EUR,12.51,1196,17,0
2024-01-24,fr,organic,EUR,0.00,0,0,0
2024-01-25,at,direct,EUR,0.00,0,0,0
2024-01-25,at,email,EUR,0.03,16,1,0
2024-01-25,at,google,EUR,0.40,18,0,0
2024-01-25,at,meta,EUR,1.84,247,3,0
2024-01-25,at,organic,EUR,0.00,0,0,0
2024-01-25,de,direct,EUR,0.00,0,0,0
2024-01-25,de,email,EUR,0.16,167,1,0
2024-01-25,de,google,EUR,3.35,132,4,0
2024-01-25,de,meta,EUR,21.90,2811,51,1
2024-01-25,de,organic,EUR,0.00,0,0,0
2024-01-25,fr,direct,EUR,0.00,0,0,0
2024-01-25,fr,email,EUR,0.15,100,3,0
2024-01-25,fr,google,EUR,1.53,45,0,0
2024-01-25,fr,meta,EUR,20.16,1903,18,0
2024-01-25,fr,organic,EUR,0.00,0,0,0
2024-01-26,at,direct,EUR,0.00,0,0,0
2024-01-26,at,email,EUR,0.04,47,1,0
2024-01-26,at,google,EUR,0.26,9,1,0
2024-01-26,at,meta,EUR,3.53,318,11,0
2024-01-26,at,organic,EUR,0.00,0,0,0
2024-01-26,de,direct,EUR,0.00,0,0,0
2024-01-26,de,email,EUR,0.16,133,4,1
2024-01-26,de,google,EUR,2.30,92,3,0
2024-01-26,de,meta,EUR,16.35,2453,22,1
2024-01-26,de,organic,EUR,0.00,0,0,0
2024-01-26,fr,direct,EUR,0.00,0,0,0
2024-01-26,fr,email,EUR,0.19,106,1,0
2024-01-26,fr,google,EUR,1.31,54,3,0
2024-01-26,fr,meta,EUR,16.89,1704,15,0
2024-01-26,fr,organic,EUR,0.00,0,0,0
2024-01-27,at,direct,EUR,0.00,0,0,0
2024-01-27,at,email,EUR,0.04,23,0,0
2024-01-27,at,google,EUR,0.29,10,0,0
2024-01-27,at,meta,EUR,3.71,505,7,0
2024-01-27,at,organic,EUR,0.00,0,0,0
2024-01-27,de,direct,EUR,0.00,0,0,0
2024-01-27,de,email,EUR,0.19,107,3,0
2024-01-27,de,google,EUR,4.59,147,5,0
2024-01-27,de,meta,EUR,22.29,3362,43,0
2024-01-27,de,organic,EUR,0.00,0,0,0
2024-01-27,fr,direct,EUR,0.00,0,0,0
2024-01-27,fr,email,EUR,0.30,261,7,0
2024-01-27,fr,google,EUR,1.37,70,1,0
2024-01-27,fr,meta,EUR,12.34,1352,14,0
2024-01-27,fr,organic,EUR,0.00,0,0,0
2024-01-28,at,direct,EUR,0.00,0,0,0
2024-01-28,at,email,EUR,0.03,30,2,0
2024-01-28,at,google,EUR,0.20,7,1,0
2024-01-28,at,meta,EUR,1.43,165,1,0
2024-01-28,at,organic,EUR,0.00,0,0,0
2024-01-28,de,direct,EUR,0.00,0,0,0
2024-01-28,de,email,EUR,0.06,31,1,0
2024-01-28,de,google,EUR,1.60,53,2,0
2024-01-28,de,meta,EUR,13.36,1290,12,0
2024-01-28,de,organic,EUR,0.00,0,0,0
2024-01-28,fr,direct,EUR,0.00,0,0,0
2024-01-28,fr,email,EUR,0.11,95,2,0
2024-01-28,fr,google,EUR,2.23,101,1,0
2024-01-28,fr,meta,EUR,6.21,523,9,0
2024-01-28,fr,organic,EUR,0.00,0,0,0
2024-01-29,at,direct,EUR,0.00,0,0,0
2024-01-29,at,email,EUR,0.02,12,1,0
2024-01-29,at,google,EUR,0.22,7,1,0
2024-01-29,at,meta,EUR,2.45,285,2,0
2024-01-29,at,organic,EUR,0.00,0,0,0
2024-01-29,de,direct,EUR,0.00,0,0,0
2024-01-29,de,email,EUR,0.16,97,2,0
2024-01-29,de,google,EUR,2.03,61,0,0
2024-01-29,de,meta,EUR,9.06,876,18,0
2024-01-29,de,organic,EUR,0.00,0,0,0
2024-01-29,fr,direct,EUR,0.00,0,0,0
2024-01-29,fr,email,EUR,0.13,69,4,0
2024-01-29,fr,google,EUR,2.47,104,7,0
2024-01-29,fr,meta,EUR,14.49,1264,9,1
2024-01-29,fr,organic,EUR,0.00,0,0,0
2024-01-30,at,direct,EUR,0.00,0,0,0
2024-01-30,at,email,EUR,0.03,24,2,0
2024-01-30,at,google,EUR,0.39,14,0,0
2024-01-30,at,meta,EUR,2.16,194,1,0
2024-01-30,at,organic,EUR,0.00,0,0,0
2024-01-30,de,direct,EUR,0.00,0,0,0
2024-01-30,de,email,EUR,0.13,112,4,0
2024-01-30,de,google,EUR,1.67,80,7,0
2024-01-30,de,meta,EUR,14.17,1649,17,0
2024-01-30,de,organic,EUR,0.00,0,0,0
2024-01-30,fr,direct,EUR,0.00,0,0,0
2024-01-30,fr,email,EUR,0.21,183,8,0
2024-01-30,fr,google,EUR,1.48,58,3,0
2024-01-30,fr,meta,EUR,8.41,752,5,0
2024-01-30,fr,organic,EUR,0.00,0,0,0
2024-01-31,at,direct,EUR,0.00,0,0,0
2024-01-31,at,email,EUR,0.03,16,1,0
2024-01-31,at,google,EUR,0.36,12,1,0
2024-01-31,at,meta,EUR,2.77,368,6,0
2024-01-31,at,organic,EUR,0.00,0,0,0
2024-01-31,de,direct,EUR,0.00,0,0,0
2024-01-31,de,email,EUR,0.17,110,4,0
2024-01-31,de,google,EUR,3.27,155,8,0
2024-01-31,de,meta,EUR,10.58,1748,30,0
2024-01-31,de,organic,EUR,0.00,0,0,1
2024-01-31,fr,direct,EUR,0.00,0,0,0
2024-01-31,fr,email,EUR,0.12,68,3,0
2024-01-31,fr,google,EUR,1.70,86,5,0
2024-01-31,fr,meta,EUR,8.12,715,5,0
2024-01-31,fr,organic,EUR,0.00,0,0,0
2024-02-01,at,direct,EUR,0.00,0,0,0
2024-02-01,at,email,EUR,0.03,16,1,0
2024-02-01,at,google,EUR,0.57,18,1,0
2024-02-01,at,meta,EUR,2.92,262,7,0
2024-02-01,at,organic,EUR,0.00,0,0,0
2024-02-01,de,direct,EUR,0.00,0,0,0
2024-02-01,de,email,EUR,0.16,89,1,0
2024-02-01,de,google,EUR,5.28,230,16,0
2024-02-01,de,meta,EUR,17.23,2441,28,1
2024-02-01,de,organic,EUR,0.00,0,0,0
2024-02-01,fr,direct,EUR,0.00,0,0,0
2024-02-01,fr,email,EUR,0.11,59,1,0
2024-02-01,fr,google,EUR,1.35,49,3,0
2024-02-01,fr,meta,EUR,10.13,984,10,0
2024-02-01,fr,organic,EUR,0.00,0,0,0
2024-02-02,at,direct,EUR,0.00,0,0,0
2024-02-02,at,email,EUR,0.02,20,0,0
2024-02-02,at,google,EUR,0.74,24,2,0
2024-02-02,at,meta,EUR,4.24,617,8,0
2024-02-02,at,organic,EUR,0.00,0,0,0
2024-02-02,de,direct,EUR,0.00,0,0,0
2024-02-02,de,email,EUR,0.16,109,3,0
2024-02-02,de,google,EUR,1.81,84,5,0
2024-02-02,de,meta,EUR,15.47,1318,23,1
2024-02-02,de,organic,EUR,0.00,0,0,0
2024-02-02,fr,direct,EUR,0.00,0,0,0
2024-02-02,fr,email,EUR,0.19,108,3,0
2024-02-02,fr,google,EUR,2.39,97,2,1
2024-02-02,fr,meta,EUR,8.57,1001,15,0
2024-02-02,fr,organic,EUR,0.00,0,0,0
2024-02-03,at,direct,EUR,0.00,0,0,0
2024-02-03,at,email,EUR,0.05,47,2,0
2024-02-03,at,google,EUR,0.29,13,3,0
2024-02-03,at,meta,EUR,3.19,278,2,0
2024-02-03,at,organic,EUR,0.00,0,0,0
2024-02-03,de,direct,EUR,0.00,0,0,0
2024-02-03,de,email,EUR,0.15,170,6,0
2024-02-03,de,google,EUR,2.91,116,5,0
2024-02-03,de,meta,EUR,22.86,3328,70,0
2024-02-03,de,organic,EUR,0.00,0,0,0
2024-02-03,fr,direct,EUR,0.00,0,0,0
2024-02-03,fr,email,EUR,0.26,258,9,0
2024-02-03,fr,google,EUR,3.53,186,11,0
2024-02-03,fr,meta,EUR,11.44,1221,12,0
2024-02-03,fr,organic,EUR,0.00,0,0,0
2024-02-04,at,direct,EUR,0.00,0,0,0
2024-02-04,at,email,EUR,0.03,24,0,0
2024-02-04,at,google,EUR,0.28,10,0,0
2024-02-04,at,meta,EUR,2.06,237,1,0
2024-02-04,at,organic,EUR,0.00,0,0,0
2024-02-04,de,direct,EUR,0.00,0,0,0
2024-02-04,de,email,EUR,0.13,65,2,0
2024-02-04,de,google,EUR,3.28,96,7,0
2024-02-04,de,meta,EUR,9.47,860,10,0
2024-02-04,de,organic,EUR,0.00,0,0,0
2024-02-04,fr,direct,EUR,0.00,0,0,0
2024-02-04,fr,email,EUR,0.15,83,1,0
2024-02-04,fr,google,EUR,0.91,32,0,0
2024-02-04,fr,meta,EUR,8.52,1137,18,1
2024-02-04,fr,organic,EUR,0.00,0,0,0
2024-02-05,at,direct,EUR,0.00,0,0,0
2024-02-05,at,email,EUR,0.02,17,0,0
2024-02-05,at,google,EUR,0.21,7,0,0
2024-02-05,at,meta,EUR,3.31,394,5,0
2024-02-05,at,organic,EUR,0.00,0,0,0
2024-02-05,de,direct,EUR,0.00,0,0,0
2024-02-05,de,email,EUR,0.11,62,2,0
2024-02-05,de,google,EUR,1.59,71,2,0
2024-02-05,de,meta,EUR,15.62,2126,33,0
2024-02-05,de,organic,EUR,0.00,0,0,0
2024-02-05,fr,direct,EUR,0.00,0,0,0
2024-02-05,fr,email,EUR,0.14,80,6,0
2024-02-05,fr,google,EUR,1.82,70,3,0
2024-02-05,fr,meta,EUR,12.49,1705,11,1
2024-02-05,fr,organic,EUR,0.00,0,0,0
2024-02-06,at,direct,EUR,0.00,0,0,0
2024-02-06,at,email,EUR,0.03,27,0,0
2024-02-06,at,google,EUR,0.25,9,2,0
2024-02-06,at,meta,EUR,2.99,456,5,0
2024-02-06,at,organic,EUR,0.00,0,0,0
2024-02-06,de,direct,EUR,0.00,0,0,0
2024-02-06,de,email,EUR,0.17,185,5,1
2024-02-06,de,google,EUR,3.08,98,4,0
2024-02-06,de,meta,EUR,19.49,1974,37,0
2024-02-06,de,organic,EUR,0.00,0,0,0
2024-02-06,fr,direct,EUR,0.00,0,0,0
2024-02-06,fr,email,EUR,0.10,58,1,0
2024-02-06,fr,google,EUR,1.97,67,2,1
2024-02-06,fr,meta,EUR,9.43,1094,7,0
2024-02-06,fr,organic,EUR,0.00,0,0,0
2024-02-07,at,direct,EUR,0.00,0,0,0
2024-02-07,at,email,EUR,0.05,35,1,0
2024-02-07,at,google,EUR,0.28,9,0,0
2024-02-07,at,meta,EUR,3.30,418,6,0
2024-02-07,at,organic,EUR,0.00,0,0,0
2024-02-07,de,direct,EUR,0.00,0,0,0
2024-02-07,de,email,EUR,0.09,89,4,1
2024-02-07,de,google,EUR,3.94,119,5,0
2024-02-07,de,meta,EUR,22.68,3639,72,0
2024-02-07,de,organic,EUR,0.00,0,0,0
2024-02-07,fr,direct,EUR,0.00,0,0,0
2024-02-07,fr,email,EUR,0.16,103,1,0
2024-02-07,fr,google,EUR,2.07,60,8,0
2024-02-07,fr,meta,EUR,7.62,702,9,0
2024-02-07,fr,organic,EUR,0.00,0,0,0
2024-02-08,at,direct,EUR,0.00,0,0,0
2024-02-08,at,email,EUR,0.02,19,0,0
2024-02-08,at,google,EUR,0.25,8,0,0
2024-02-08,at,meta,EUR,2.23,348,4,0
2024-02-08,at,organic,EUR,0.00,0,0,0
2024-02-08,de,direct,EUR,0.00,0,0,0
2024-02-08,de,email,EUR,0.12,116,1,0
2024-02-08,de,google,EUR,2.88,85,3,0
2024-02-08,de,meta,EUR,14.15,2015,15,0
2024-02-08,de,organic,EUR,0.00,0,0,0
2024-02-08,fr,direct,EUR,0.00,0,0,0
2024-02-08,fr,email,EUR,0.24,256,2,0
2024-02-08,fr,google,EUR,2.97,127,4,0
2024-02-08,fr,meta,EUR,7.10,705,15,0
2024-02-08,fr,organic,EUR,0.00,0,0,0
2024-02-09,at,direct,EUR,0.00,0,0,0
2024-02-09,at,email,EUR,0.03,25,2,0
2024-02-09,at,google,EUR,0.27,8,0,0
2024-02-09,at,meta,EUR,2.17,185,2,0
2024-02-09,at,organic,EUR,0.00,0,0,0
2024-02-09,de,direct,EUR,0.00,0,0,0
2024-02-09,de,email,EUR,0.28,285,8,0
2024-02-09,de,google,EUR,3.61,116,7,0
2024-02-09,de,meta,EUR,19.45,2970,52,0
2024-02-09,de,organic,EUR,0.00,0,0,0
2024-02-09,fr,direct,EUR,0.00,0,0,0
2024-02-09,fr,email,EUR,0.12,120,5,0
2024-02-09,fr,google,EUR,3.64,181,9,1
2024-02-09,fr,meta,EUR,13.29,1777,21,0
2024-02-09,fr,organic,EUR,0.00,0,0,0
2024-02-10,at,direct,EUR,0.00,0,0,0
2024-02-10,at,email,EUR,0.03,25,1,0
2024-02-10,at,google,EUR,0.38,16,2,0
2024-02-10,at,meta,EUR,2.63,322,5,0
2024-02-10,at,organic,EUR,0.00,0,0,0
2024-02-10,de,direct,EUR,0.00,0,0,0
2024-02-10,de,email,EUR,0.13,93,1,0
2024-02-10,de,google,EUR,5.47,213,9,0
2024-02-10,de,meta,EUR,21.55,2233,19,0
2024-02-10,de,organic,EUR,0.00,0,0,0
2024-02-10,fr,direct,EUR,0.00,0,0,0
2024-02-10,fr,email,EUR,0.18,92,1,0
2024-02-10,fr,google,EUR,1.94,98,4,0
2024-02-10,fr,meta,EUR,13.44,1216,9,0
2024-02-10,fr,organic,EUR,0.00,0,0,0
2024-02-11,at,direct,EUR,0.00,0,0,0
2024-02-11,at,email,EUR,0.04,30,0,0
2024-02-11,at,google,EUR,0.19,7,1,0
2024-02-11,at,meta,EUR,1.80,191,5,0
2024-02-11,at,organic,EUR,0.00,0,0,0
2024-02-11,de,direct,EUR,0.00,0,0,0
2024-02-11,de,email,EUR,0.10,72,1,0
2024-02-11,de,google,EUR,4.02,117,5,0
2024-02-11,de,meta,EUR,22.54,2571,24,0
2024-02-11,de,organic,EUR,0.00,0,0,0
2024-02-11,fr,direct,EUR,0.00,0,0,0
2024-02-11,fr,email,EUR,0.12,78,4,0
2024-02-11,fr,google,EUR,1.77,90,0,0
2024-02-11,fr,meta,EUR,7.74,986,14,0
2024-02-11,fr,organic,EUR,0.00,0,0,0
2024-02-12,at,direct,EUR,0.00,0,0,0
2024-02-12,at,email,EUR,0.03,19,1,0
2024-02-12,at,google,EUR,0.39,12,2,0
2024-02-12,at,meta,EUR,3.02,278,3,0
2024-02-12,at,organic,EUR,0.00,0,0,0
2024-02-12,de,direct,EUR,0.00,0,0,0
2024-02-12,de,email,EUR,0.09,82,1,0
2024-02-12,de,google,EUR,2.42,71,4,0
2024-02-12,de,meta,EUR,9.97,1249,16,0
2024-02-12,de,organic,EUR,0.00,0,0,0
2024-02-12,fr,direct,EUR,0.00,0,0,0
2024-02-12,fr,email,EUR,0.12,96,2,1
2024-02-12,fr,google,EUR,1.63,72,7,0
2024-02-12,fr,meta,EUR,8.72,1314,16,0
2024-02-12,fr,organic,EUR,0.00,0,0,0
2024-02-13,at,direct,EUR,0.00,0,0,0
2024-02-13,at,email,EUR,0.04,40,0,0
2024-02-13,at,google,EUR,0.24,9,1,0
2024-02-13,at,meta,EUR,3.37,361,7,0
2024-02-13,at,organic,EUR,0.00,0,0,0
2024-02-13,de,direct,EUR,0.00,0,0,0
2024-02-13,de,email,EUR,0.14,81,4,0
2024-02-13,de,google,EUR,2.21,98,3,0
2024-02-13,de,meta,EUR,12.49,1787,30,0
2024-02-13,de,organic,EUR,0.00,0,0,0
2024-02-13,fr,direct,EUR,0.00,0,0,0
2024-02-13,fr,email,EUR,0.16,87,1,0
2024-02-13,fr,google,EUR,1.39,58,5,0
2024-02-13,fr,meta,EUR,11.90,1155,23,0
2024-02-13,fr,organic,EUR,0.00,0,0,0
2024-02-14,at,direct,EUR,0.00,0,0,0
2024-02-14,at,email,EUR,0.02,23,0,0
2024-02-14,at,google,EUR,0.77,24,0,0
2024-02-14,at,meta,EUR,2.53,254,3,0
2024-02-14,at,organic,EUR,0.00,0,0,0
2024-02-14,de,direct,EUR,0.00,0,0,0
2024-02-14,de,email,EUR,0.11,135,3,0
2024-02-14,de,google,EUR,2.07,63,1,0
2024-02-14,de,meta,EUR,40.08,3732,74,1
2024-02-14,de,organic,EUR,0.00,0,0,0
2024-02-14,fr,direct,EUR,0.00,0,0,0
2024-02-14,fr,email,EUR,0.18,145,3,0
2024-02-14,fr,google,EUR,1.91,56,2,0
2024-02-14,fr,meta,EUR,16.92,1452,21,0
2024-02-14,fr,organic,EUR,0.00,0,0,0
2024-02-15,at,direct,EUR,0.00,0,0,0
2024-02-15,at,email,EUR,0.03,14,0,0
2024-02-15,at,google,EUR,0.30,11,0,0
2024-02-15,at,meta,EUR,4.19,523,12,0
2024-02-15,at,organic,EUR,0.00,0,0,0
2024-02-15,de,direct,EUR,0.00,0,0,0
2024-02-15,de,email,EUR,0.13,143,6,0
2024-02-15,de,google,EUR,3.78,121,4,0
2024-02-15,de,meta,EUR,16.40,1860,31,0
2024-02-15,de,organic,EUR,0.00,0,0,0
2024-02-15,fr,direct,EUR,0.00,0,0,0
2024-02-15,fr,email,EUR,0.19,108,3,0
2024-02-15,fr,google,EUR,2.22,117,3,2
2024-02-15,fr,meta,EUR,9.09,1343,11,0
2024-02-15,fr,organic,EUR,0.00,0,0,0
2024-02-16,at,direct,EUR,0.00,0,0,0
2024-02-16,at,email,EUR,0.05,35,2,0
2024-02-16,at,google,EUR,0.38,14,0,0
2024-02-16,at,meta,EUR,4.47,414,3,0
2024-02-16,at,organic,EUR,0.00,0,0,0
2024-02-16,de,direct,EUR,0.00,0,0,0
2024-02-16,de,email,EUR,0.20,217,5,0
2024-02-16,de,google,EUR,2.03,101,5,1
2024-02-16,de,meta,EUR,10.97,1635,23,0
2024-02-16,de,organic,EUR,0.00,0,0,0
2024-02-16,fr,direct,EUR,0.00,0,0,0
2024-02-16,fr,email,EUR,0.13,71,0,0
2024-02-16,fr,google,EUR,2.11,63,2,1
2024-02-16,fr,meta,EUR,12.82,1277,19,1
2024-02-16,fr,organic,EUR,0.00,0,0,0
2024-02-17,at,direct,EUR,0.00,0,0,0
2024-02-17,at,email,EUR,0.04,35,1,0
2024-02-17,at,google,EUR,0.27,8,3,0
2024-02-17,at,meta,EUR,3.36,476,13,0
2024-02-17,at,organic,EUR,0.00,0,0,0
2024-02-17,de,direct,EUR,0.00,0,0,0
2024-02-17,de,email,EUR,0.13,81,1,0
2024-02-17,de,google,EUR,2.99,154,17,0
2024-02-17,de,meta,EUR,17.12,2075,18,0
2024-02-17,de,organic,EUR,0.00,0,0,0
2024-02-17,fr,direct,EUR,0.00,0,0,0
2024-02-17,fr,email,EUR,0.12,78,1,0
2024-02-17,fr,google,EUR,1.60,52,2,0
2024-02-17,fr,meta,EUR,17.53,2050,21,0
2024-02-17,fr,organic,EUR,0.00,0,0,0
2024-02-18,at,direct,EUR,0.00,0,0,0
2024-02-18,at,email,EUR,0.03,21,1,0
2024-02-18,at,google,EUR,0.46,17,2,0
2024-02-18,at,meta,EUR,1.70,145,3,0
2024-02-18,at,organic,EUR,0.00,0,0,0
2024-02-18,de,direct,EUR,0.00,0,0,0
2024-02-18,de,email,EUR,0.14,83,1,0
2024-02-18,de,google,EUR,2.31,124,11,0
2024-02-18,de,meta,EUR,6.17,752,8,0
2024-02-18,de,organic,EUR,0.00,0,0,0
2024-02-18,fr,direct,EUR,0.00,0,0,0
2024-02-18,fr,email,EUR,0.14,98,2,0
2024-02-18,fr,google,EUR,1.26,46,3,0
2024-02-18,fr,meta,EUR,7.24,709,10,0
2024-02-18,fr,organic,EUR,0.00,0,0,0
2024-02-19,at,direct,EUR,0.00,0,0,0
2024-02-19,at,email,EUR,0.03,20,1,0
2024-02-19,at,google,EUR,0.42,15,0,0
2024-02-19,at,meta,EUR,3.82,603,7,0
2024-02-19,at,organic,EUR,0.00,0,0,0
2024-02-19,de,direct,EUR,0.00,0,0,0
2024-02-19,de,email,EUR,0.16,84,5,0
2024-02-19,de,google,EUR,2.12,77,6,0
2024-02-19,de,meta,EUR,16.72,1827,11,0
2024-02-19,de,organic,EUR,0.00,0,0,0
2024-02-19,fr,direct,EUR,0.00,0,0,0
2024-02-19,fr,email,EUR,0.12,112,3,0
2024-02-19,fr,google,EUR,1.38,45,1,0
2024-02-19,fr,meta,EUR,9.98,836,8,0
2024-02-19,fr,organic,EUR,0.00,0,0,0
2024-02-20,at,direct,EUR,0.00,0,0,0
2024-02-20,at,email,EUR,0.04,27,0,0
2024-02-20,at,google,EUR,0.35,12,1,0
2024-02-20,at,meta,EUR,2.47,253,1,0
2024-02-20,at,organic,EUR,0.00,0,0,0
2024-02-20,de,direct,EUR,0.00,0,0,0
2024-02-20,de,email,EUR,0.18,186,7,0
2024-02-20,de,google,EUR,2.83,157,8,0
2024-02-20,de,meta,EUR,20.93,2123,11,0
2024-02-20,de,organic,EUR,0.00,0,0,0
2024-02-20,fr,direct,EUR,0.00,0,0,0
2024-02-20,fr,email,EUR,0.26,217,8,0
2024-02-20,fr,google,EUR,1.30,57,3,0
2024-02-20,fr,meta,EUR,10.47,1699,24,0
2024-02-20,fr,organic,EUR,0.00,0,0,0
2024-02-21,at,direct,EUR,0.00,0,0,0
2024-02-21,at,email,EUR,0.04,34,0,0
2024-02-21,at,google,EUR,0.22,8,0,0
2024-02-21,at,meta,EUR,2.75,303,3,0
2024-02-21,at,organic,EUR,0.00,0,0,0
2024-02-21,de,direct,EUR,0.00,0,0,0
2024-02-21,de,email,EUR,0.14,84,2,0
2024-02-21,de,google,EUR,5.90,274,16,0
2024-02-21,de,meta,EUR,13.14,1557,21,0
2024-02-21,de,organic,EUR,0.00,0,0,0
2024-02-21,fr,direct,EUR,0.00,0,0,0
2024-02-21,fr,email,EUR,0.28,333,9,0
2024-02-21,fr,google,EUR,1.94,68,3,0
2024-02-21,fr,meta,EUR,7.52,766,7,0
2024-02-21,fr,organic,EUR,0.00,0,0,0
2024-02-22,at,direct,EUR,0.00,0,0,0
2024-02-22,at,email,EUR,0.05,25,2,0
2024-02-22,at,google,EUR,0.37,12,0,0
2024-02-22,at,meta,EUR,2.46,296,2,0
2024-02-22,at,organic,EUR,0.00,0,0,0
2024-02-22,de,direct,EUR,0.00,0,0,0
2024-02-22,de,email,EUR,0.37,308,7,0
2024-02-22,de,google,EUR,2.72,133,9,0
2024-02-22,de,meta,EUR,15.45,1605,17,0
2024-02-22,de,organic,EUR,0.00,0,0,0
2024-02-22,fr,direct,EUR,0.00,0,0,0
2024-02-22,fr,email,EUR,0.30,175,5,0
2024-02-22,fr,google,EUR,2.06,111,4,0
2024-02-22,fr,meta,EUR,12.08,1130,21,0
2024-02-22,fr,organic,EUR,0.00,0,0,0
2024-02-23,at,direct,EUR,0.00,0,0,0
2024-02-23,at,email,EUR,0.05,26,2,0
2024-02-23,at,google,EUR,0.27,9,1,0
2024-02-23,at,meta,EUR,2.27,223,3,0
2024-02-23,at,organic,EUR,0.00,0,0,0
2024-02-23,de,direct,EUR,0.00,0,0,0
2024-02-23,de,email,EUR,0.21,176,3,0
2024-02-23,de,google,EUR,2.69,93,3,0
2024-02-23,de,meta,EUR,25.53,3652,55,0
2024-02-23,de,organic,EUR,0.00,0,0,0
2024-02-23,fr,direct,EUR,0.00,0,0,0
2024-02-23,fr,email,EUR,0.14,81,2,0
2024-02-23,fr,google,EUR,2.65,143,6,0
2024-02-23,fr,meta,EUR,12.60,1640,35,0
2024-02-23,fr,organic,EUR,0.00,0,0,0
2024-02-24,at,direct,EUR,0.00,0,0,0
2024-02-24,at,email,EUR,0.03,13,0,0
2024-02-24,at,google,EUR,0.61,24,3,0
2024-02-24,at,meta,EUR,2.01,191,0,0
2024-02-24,at,organic,EUR,0.00,0,0,0
2024-02-24,de,direct,EUR,0.00,0,0,0
2024-02-24,de,email,EUR,0.18,116,4,0
2024-02-24,de,google,EUR,4.38,129,8,0
2024-02-24,de,meta,EUR,12.06,1233,12,0
2024-02-24,de,organic,EUR,0.00,0,0,0
2024-02-24,fr,direct,EUR,0.00,0,0,0
2024-02-24,fr,email,EUR,0.22,114,0,0
2024-02-24,fr,google,EUR,1.61,46,2,0
2024-02-24,fr,meta,EUR,15.54,1512,20,0
2024-02-24,fr,organic,EUR,0.00,0,0,0
2024-02-25,at,direct,EUR,0.00,0,0,0
2024-02-25,at,email,EUR,0.01,16,0,0
2024-02-25,at,google,EUR,0.35,12,0,0
2024-02-25,at,meta,EUR,2.62,235,7,0
2024-02-25,at,organic,EUR,0.00,0,0,0
2024-02-25,de,direct,EUR,0.00,0,0,0
2024-02-25,de,email,EUR,0.09,80,2,0
2024-02-25,de,google,EUR,2.41,71,4,0
2024-02-25,de,meta,EUR,9.53,1032,12,0
2024-02-25,de,organic,EUR,0.00,0,0,0
2024-02-25,fr,direct,EUR,0.00,0,0,0
2024-02-25,fr,email,EUR,0.17,94,2,0
2024-02-25,fr,google,EUR,1.22,35,1,0
2024-02-25,fr,meta,EUR,6.40,686,12,0
2024-02-25,fr,organic,EUR,0.00,0,0,0
2024-02-26,at,direct,EUR,0.00,0,0,0
2024-02-26,at,email,EUR,0.04,28,0,0
2024-02-26,at,google,EUR,0.31,11,0,0
2024-02-26,at,meta,EUR,1.88,232,3,0
2024-02-26,at,organic,EUR,0.00,0,0,0
2024-02-26,de,direct,EUR,0.00,0,0,0
2024-02-26,de,email,EUR,0.12,86,2,0
2024-02-26,de,google,EUR,3.79,168,3,1
2024-02-26,de,meta,EUR,14.52,1417,14,0
2024-02-26,de,organic,EUR,0.00,0,0,0
2024-02-26,fr,direct,EUR,0.00,0,0,0
2024-02-26,fr,email,EUR,0.18,91,2,0
2024-02-26,fr,google,EUR,2.53,103,0,0
2024-02-26,fr,meta,EUR,10.06,904,14,0
2024-02-26,fr,organic,EUR,0.00,0,0,0
2024-02-27,at,direct,EUR,0.00,0,0,0
2024-02-27,at,email,EUR,0.05,24,0,0
2024-02-27,at,google,EUR,0.15,8,1,0
2024-02-27,at,meta,EUR,6.30,979,20,0
2024-02-27,at,organic,EUR,0.00,0,0,0
2024-02-27,de,direct,EUR,0.00,0,0,0
2024-02-27,de,email,EUR,0.20,157,3,0
2024-02-27,de,google,EUR,2.73,103,4,0
2024-02-27,de,meta,EUR,13.10,2155,46,0
2024-02-27,de,organic,EUR,0.00,0,0,0
2024-02-27,fr,direct,EUR,0.00,0,0,0
2024-02-27,fr,email,EUR,0.14,79,5,0
2024-02-27,fr,google,EUR,1.59,47,1,0
2024-02-27,fr,meta,EUR,16.03,1584,16,1
2024-02-27,fr,organic,EUR,0.00,0,0,0
2024-02-28,at,direct,EUR,0.00,0,0,0
2024-02-28,at,email,EUR,0.03,32,2,0
2024-02-28,at,google,EUR,0.25,9,2,1
2024-02-28,at,meta,EUR,1.91,183,5,0
2024-02-28,at,organic,EUR,0.00,0,0,0
2024-02-28,de,direct,EUR,0.00,0,0,0
2024-02-28,de,email,EUR,0.23,278,3,0
2024-02-28,de,google,EUR,2.54,87,4,0
2024-02-28,de,meta,EUR,15.82,1336,15,1
2024-02-28,de,organic,EUR,0.00,0,0,0
2024-02-28,fr,direct,EUR,0.00,0,0,0
2024-02-28,fr,email,EUR,0.24,171,1,0
2024-02-28,fr,google,EUR,1.78,59,3,0
2024-02-28,fr,meta,EUR,20.79,2284,37,0
2024-02-28,fr,organic,EUR,0.00,0,0,0
2024-02-29,at,direct,EUR,0.00,0,0,0
2024-02-29,at,email,EUR,0.02,16,1,0
2024-02-29,at,google,EUR,0.42,21,1,0
2024-02-29,at,meta,EUR,1.87,161,0,0
2024-02-29,at,organic,EUR,0.00,0,0,0
2024-02-29,de,direct,EUR,0.00,0,0,0
2024-02-29,de,email,EUR,0.22,131,4,0
2024-02-29,de,google,EUR,1.65,48,3,0
2024-02-29,de,meta,EUR,12.18,1267,11,0
2024-02-29,de,organic,EUR,0.00,0,0,0
2024-02-29,fr,direct,EUR,0.00,0,0,0
2024-02-29,fr,email,EUR,0.16,86,1,0
2024-02-29,fr,google,EUR,1.72,81,9,0
2024-02-29,fr,meta,EUR,16.86,2082,27,0
2024-02-29,fr,organic,EUR,0.00,0,0,0
2024-03-01,at,direct,EUR,0.00,0,0,0
2024-03-01,at,email,EUR,0.06,45,4,0
2024-03-01,at,google,EUR,0.78,25,1,0
2024-03-01,at,meta,EUR,5.01,421,8,0
2024-03-01,at,organic,EUR,0.00,0,0,0
2024-03-01,de,direct,EUR,0.00,0,0,0
2024-03-01,de,email,EUR,0.28,219,10,0
2024-03-01,de,google,EUR,2.73,139,3,0
2024-03-01,de,meta,EUR,29.96,3579,61,1
2024-03-01,de,organic,EUR,0.00,0,0,0
2024-03-01,fr,direct,EUR,0.00,0,0,0
2024-03-01,fr,email,EUR,0.27,294,15,0
2024-03-01,fr,google,EUR,4.03,138,17,0
2024-03-01,fr,meta,EUR,12.73,1292,14,0
2024-03-01,fr,organic,EUR,0.00,0,0,0
2024-03-02,at,direct,EUR,0.00,0,0,0
2024-03-02,at,email,EUR,0.08,61,2,0
2024-03-02,at,google,EUR,0.80,27,3,0
2024-03-02,at,meta,EUR,7.17,1098,16,0
2024-03-02,at,organic,EUR,0.00,0,0,0
2024-03-02,de,direct,EUR,0.00,0,0,0
2024-03-02,de,email,EUR,0.16,133,3,0
2024-03-02,de,google,EUR,2.70,91,8,0
2024-03-02,de,meta,EUR,28.30,3999,37,0
2024-03-02,de,organic,EUR,0.00,0,0,0
2024-03-02,fr,direct,EUR,0.00,0,0,0
2024-03-02,fr,email,EUR,0.17,179,6,0
2024-03-02,fr,google,EUR,4.29,126,1,0
2024-03-02,fr,meta,EUR,21.86,2323,22,0
2024-03-02,fr,organic,EUR,0.00,0,0,0
2024-03-03,at,direct,EUR,0.00,0,0,0
2024-03-03,at,email,EUR,0.07,55,2,0
2024-03-03,at,google,EUR,0.25,11,2,0
2024-03-03,at,meta,EUR,3.21,505,7,0
2024-03-03,at,organic,EUR,0.00,0,0,0
2024-03-03,de,direct,EUR,0.00,0,0,0
2024-03-03,de,email,EUR,0.19,193,1,0
2024-03-03,de,google,EUR,3.65,119,4,2
2024-03-03,de,meta,EUR,24.25,2493,53,0
2024-03-03,de,organic,EUR,0.00,0,0,0
2024-03-03,fr,direct,EUR,0.00,0,0,0
2024-03-03,fr,email,EUR,0.23,148,1,1
2024-03-03,fr,google,EUR,2.93,86,0,0
2024-03-03,fr,meta,EUR,11.48,1006,17,0
2024-03-03,fr,organic,EUR,0.00,0,0,0
2024-03-04,at,direct,EUR,0.00,0,0,0
2024-03-04,at,email,EUR,0.05,55,2,0
2024-03-04,at,google,EUR,0.48,21,0,0
2024-03-04,at,meta,EUR,4.11,566,3,0
2024-03-04,at,organic,EUR,0.00,0,0,0
2024-03-04,de,direct,EUR,0.00,0,0,0
2024-03-04,de,email,EUR,0.12,113,4,0
2024-03-04,de,google,EUR,2.37,113,4,0
2024-03-04,de,meta,EUR,23.97,2803,58,1
2024-03-04,de,organic,EUR,0.00,0,0,0
2024-03-04,fr,direct,EUR,0.00,0,0,0
2024-03-04,fr,email,EUR,0.19,114,4,0
2024-03-04,fr,google,EUR,2.32,67,4,0
2024-03-04,fr,meta,EUR,15.86,1695,12,0
2024-03-04,fr,organic,EUR,0.00,0,0,0
2024-03-05,at,direct,EUR,0.00,0,0,0
2024-03-05,at,email,EUR,0.04,28,1,0
2024-03-05,at,google,EUR,0.62,21,1,0
2024-03-05,at,meta,EUR,2.10,215,5,0
2024-03-05,at,organic,EUR,0.00,0,0,0
2024-03-05,de,direct,EUR,0.00,0,0,0
2024-03-05,de,email,EUR,0.12,136,2,0
2024-03-05,de,google,EUR,5.50,255,10,0
2024-03-05,de,meta,EUR,25.35,3348,38,0
2024-03-05,de,organic,EUR,0.00,0,0,0
2024-03-05,fr,direct,EUR,0.00,0,0,0
2024-03-05,fr,email,EUR,0.25,289,5,0
2024-03-05,fr,google,EUR,1.87,54,2,0
2024-03-05,fr,meta,EUR,12.19,1371,28,0
2024-03-05,fr,organic,EUR,0.00,0,0,0
2024-03-06,at,direct,EUR,0.00,0,0,0
2024-03-06,at,email,EUR,0.04,32,1,0
2024-03-06,at,google,EUR,0.29,10,0,0
2024-03-06,at,meta,EUR,3.14,482,8,0
2024-03-06,at,organic,EUR,0.00,0,0,0
2024-03-06,de,direct,EUR,0.00,0,0,0
2024-03-06,de,email,EUR,0.21,123,3,0
2024-03-06,de,google,EUR,4.01,133,5,0
2024-03-06,de,meta,EUR,16.25,1576,17,0
2024-03-06,de,organic,EUR,0.00,0,0,0
2024-03-06,fr,direct,EUR,0.00,0,0,0
2024-03-06,fr,email,EUR,0.25,237,4,0
2024-03-06,fr,google,EUR,4.56,152,8,0
2024-03-06,fr,meta,EUR,9.68,927,19,1
2024-03-06,fr,organic,EUR,0.00,0,0,0
2024-03-07,at,direct,EUR,0.00,0,0,0
2024-03-07,at,email,EUR,0.05,27,2,0
2024-03-07,at,google,EUR,0.50,14,1,0
2024-03-07,at,meta,EUR,2.87,249,2,0
2024-03-07,at,organic,EUR,0.00,0,0,0
2024-03-07,de,direct,EUR,0.00,0,0,0
2024-03-07,de,email,EUR,0.24,207,7,0
2024-03-07,de,google,EUR,3.80,173,7,0
2024-03-07,de,meta,EUR,29.95,4638,102,1
2024-03-07,de,organic,EUR,0.00,0,0,0
2024-03-07,fr,direct,EUR,0.00,0,0,0
2024-03-07,fr,email,EUR,0.25,225,9,0
2024-03-07,fr,google,EUR,3.41,132,9,0
2024-03-07,fr,meta,EUR,15.03,1413,23,0
2024-03-07,fr,organic,EUR,0.00,0,0,1
2024-03-08,at,direct,EUR,0.00,0,0,0
2024-03-08,at,email,EUR,0.05,26,1,0
2024-03-08,at,google,EUR,0.59,17,2,0
2024-03-08,at,meta,EUR,2.44,230,3,0
2024-03-08,at,organic,EUR,0.00,0,0,0
2024-03-08,de,direct,EUR,0.00,0,0,0
2024-03-08,de,email,EUR,0.29,285,7,1
2024-03-08,de,google,EUR,3.45,144,7,0
2024-03-08,de,meta,EUR,25.44,2317,17,0
2024-03-08,de,organic,EUR,0.00,0,0,0
2024-03-08,fr,direct,EUR,0.00,0,0,0
2024-03-08,fr,email,EUR,0.26,303,7,0
2024-03-08,fr,google,EUR,2.50,107,6,0
2024-03-08,fr,meta,EUR,22.51,3493,44,0
2024-03-08,fr,organic,EUR,0.00,0,0,0
2024-03-09,at,direct,EUR,0.00,0,0,0
2024-03-09,at,email,EUR,0.04,42,2,0
2024-03-09,at,google,EUR,0.52,16,1,0
2024-03-09,at,meta,EUR,4.70,596,5,0
2024-03-09,at,organic,EUR,0.00,0,0,0
2024-03-09,de,direct,EUR,0.00,0,0,0
2024-03-09,de,email,EUR,0.27,238,10,0
2024-03-09,de,google,EUR,5.65,269,13,0
2024-03-09,de,meta,EUR,28.15,3593,43,0
2024-03-09,de,organic,EUR,0.00,0,0,0
2024-03-09,fr,direct,EUR,0.00,0,0,0
2024-03-09,fr,email,EUR,0.35,177,5,0
2024-03-09,fr,google,EUR,4.63,199,10,0
2024-03-09,fr,meta,EUR,20.82,2766,30,0
2024-03-09,fr,organic,EUR,0.00,0,0,0
2024-03-10,at,direct,EUR,0.00,0,0,0
2024-03-10,at,email,EUR,0.08,42,3,0
2024-03-10,at,google,EUR,0.23,8,2,0
2024-03-10,at,meta,EUR,1.61,262,2,0
2024-03-10,at,organic,EUR,0.00,0,0,0
2024-03-10,de,direct,EUR,0.00,0,0,0
2024-03-10,de,email,EUR,0.19,96,5,0
2024-03-10,de,google,EUR,2.56,111,3,0
2024-03-10,de,meta,EUR,28.17,3951,63,1
2024-03-10,de,organic,EUR,0.00,0,0,0
2024-03-10,fr,direct,EUR,0.00,0,0,0
2024-03-10,fr,email,EUR,0.18,133,4,0
2024-03-10,fr,google,EUR,1.79,75,2,0
2024-03-10,fr,meta,EUR,14.97,1459,23,1
2024-03-10,fr,organic,EUR,0.00,0,0,0
2024-03-11,at,direct,EUR,0.00,0,0,0
2024-03-11,at,email,EUR,0.08,78,3,0
2024-03-11,at,google,EUR,0.39,16,3,0
2024-03-11,at,meta,EUR,2.33,225,1,0
2024-03-11,at,organic,EUR,0.00,0,0,0
2024-03-11,de,direct,EUR,0.00,0,0,0
2024-03-11,de,email,EUR,0.13,129,1,0
2024-03-11,de,google,EUR,2.66,121,3,0
2024-03-11,de,meta,EUR,18.19,2040,32,0
2024-03-11,de,organic,EUR,0.00,0,0,0
2024-03-11,fr,direct,EUR,0.00,0,0,0
2024-03-11,fr,email,EUR,0.14,122,7,0
2024-03-11,fr,google,EUR,3.52,102,2,0
2024-03-11,fr,meta,EUR,15.54,1595,10,0
2024-03-11,fr,organic,EUR,0.00,0,0,0
2024-03-12,at,direct,EUR,0.00,0,0,0
2024-03-12,at,email,EUR,0.07,77,4,0
2024-03-12,at,google,EUR,0.42,19,2,0
2024-03-12,at,meta,EUR,3.11,481,3,0
2024-03-12,at,organic,EUR,0.00,0,0,0
2024-03-12,de,direct,EUR,0.00,0,0,0
2024-03-12,de,email,EUR,0.18,97,4,0
2024-03-12,de,google,EUR,5.39,182,12,0
2024-03-12,de,meta,EUR,35.74,3098,42,0
2024-03-12,de,organic,EUR,0.00,0,0,0
2024-03-12,fr,direct,EUR,0.00,0,0,0
2024-03-12,fr,email,EUR,0.26,314,6,0
2024-03-12,fr,google,EUR,3.79,120,6,1
2024-03-12,fr,meta,EUR,17.35,2268,30,0
2024-03-12,fr,organic,EUR,0.00,0,0,0
2024-03-13,at,direct,EUR,0.00,0,0,0
2024-03-13,at,email,EUR,0.04,22,1,0
2024-03-13,at,google,EUR,0.46,17,0,0
2024-03-13,at,meta,EUR,2.99,385,4,0
2024-03-13,at,organic,EUR,0.00,0,0,0
2024-03-13,de,direct,EUR,0.00,0,0,0
2024-03-13,de,email,EUR,0.13,109,4,0
2024-03-13,de,google,EUR,4.41,163,9,0
2024-03-13,de,meta,EUR,38.68,3943,37,0
2024-03-13,de,organic,EUR,0.00,0,0,1
2024-03-13,fr,direct,EUR,0.00,0,0,0
2024-03-13,fr,email,EUR,0.18,174,3,0
2024-03-13,fr,google,EUR,1.94,66,3,0
2024-03-13,fr,meta,EUR,18.97,1928,25,0
2024-03-13,fr,organic,EUR,0.00,0,0,0
2024-03-14,at,direct,EUR,0.00,0,0,0
2024-03-14,at,email,EUR,0.07,48,2,0
2024-03-14,at,google,EUR,0.42,17,3,0
2024-03-14,at,meta,EUR,4.46,392,7,0
2024-03-14,at,organic,EUR,0.00,0,0,0
2024-03-14,de,direct,EUR,0.00,0,0,0
2024-03-14,de,email,EUR,0.11,117,2,0
2024-03-14,de,google,EUR,3.81,151,7,0
2024-03-14,de,meta,EUR,32.38,2933,34,2
2024-03-14,de,organic,EUR,0.00,0,0,0
2024-03-14,fr,direct,EUR,0.00,0,0,0
2024-03-14,fr,email,EUR,0.16,110,6,0
2024-03-14,fr,google,EUR,3.14,172,6,0
2024-03-14,fr,meta,EUR,15.35,1667,14,0
2024-03-14,fr,organic,EUR,0.00,0,0,0
2024-03-15,at,direct,EUR,0.00,0,0,0
2024-03-15,at,email,EUR,0.09,53,1,0
2024-03-15,at,google,EUR,0.64,25,0,0
2024-03-15,at,meta,EUR,6.37,930,9,0
2024-03-15,at,organic,EUR,0.00,0,0,0
2024-03-15,de,direct,EUR,0.00,0,0,0
2024-03-15,de,email,EUR,0.38,211,4,0
2024-03-15,de,google,EUR,7.28,220,9,1
2024-03-15,de,meta,EUR,28.26,2415,29,0
2024-03-15,de,organic,EUR,0.00,0,0,0
2024-03-15,fr,direct,EUR,0.00,0,0,0
2024-03-15,fr,email,EUR,0.26,256,12,0
2024-03-15,fr,google,EUR,4.89,141,6,0
2024-03-15,fr,meta,EUR,25.08,2521,22,0
2024-03-15,fr,organic,EUR,0.00,0,0,0
2024-03-16,at,direct,EUR,0.00,0,0,0
2024-03-16,at,email,EUR,0.09,95,4,0
2024-03-16,at,google,EUR,0.76,40,4,0
2024-03-16,at,meta,EUR,8.00,1019,16,0
2024-03-16,at,organic,EUR,0.00,0,0,0
2024-03-16,de,direct,EUR,0.00,0,0,0
2024-03-16,de,email,EUR,0.25,157,4,0
2024-03-16,de,google,EUR,6.34,338,15,0
2024-03-16,de,meta,EUR,20.74,2689,25,0
2024-03-16,de,organic,EUR,0.00,0,0,0
2024-03-16,fr,direct,EUR,0.00,0,0,0
2024-03-16,fr,email,EUR,0.40,206,4,0
2024-03-16,fr,google,EUR,8.93,421,24,0
2024-03-16,fr,meta,EUR,43.48,5127,99,0
2024-03-16,fr,organic,EUR,0.00,0,0,0
2024-03-17,at,direct,EUR,0.00,0,0,0
2024-03-17,at,email,EUR,0.08,60,5,0
2024-03-17,at,google,EUR,0.61,20,3,0
2024-03-17,at,meta,EUR,5.33,452,11,0
2024-03-17,at,organic,EUR,0.00,0,0,0
2024-03-17,de,direct,EUR,0.00,0,0,0
2024-03-17,de,email,EUR,0.29,175,5,0
2024-03-17,de,google,EUR,4.93,208,14,0
2024-03-17,de,meta,EUR,38.37,5327,78,0
2024-03-17,de,organic,EUR,0.00,0,0,0
2024-03-17,fr,direct,EUR,0.00,0,0,0
2024-03-17,fr,email,EUR,0.25,167,3,0
2024-03-17,fr,google,EUR,2.27,116,5,0
2024-03-17,fr,meta,EUR,18.69,1613,31,0
2024-03-17,fr,organic,EUR,0.00,0,0,0
2024-03-18,at,direct,EUR,0.00,0,0,0
2024-03-18,at,email,EUR,0.07,63,2,0
2024-03-18,at,google,EUR,0.54,20,1,0
2024-03-18,at,meta,EUR,6.57,654,2,0
2024-03-18,at,organic,EUR,0.00,0,0,0
2024-03-18,de,direct,EUR,0.00,0,0,0
2024-03-18,de,email,EUR,0.34,219,3,0
2024-03-18,de,google,EUR,3.77,118,7,1
2024-03-18,de,meta,EUR,31.51,5148,67,0
2024-03-18,de,organic,EUR,0.00,0,0,0
2024-03-18,fr,direct,EUR,0.00,0,0,0
2024-03-18,fr,email,EUR,0.15,90,3,0
2024-03-18,fr,google,EUR,4.78,201,15,0
2024-03-18,fr,meta,EUR,19.91,2765,43,0
2024-03-18,fr,organic,EUR,0.00,0,0,0
2024-03-19,at,direct,EUR,0.00,0,0,0
2024-03-19,at,email,EUR,0.08,69,1,0
2024-03-19,at,google,EUR,0.55,21,0,0
2024-03-19,at,meta,EUR,4.92,599,13,0
2024-03-19,at,organic,EUR,0.00,0,0,0
2024-03-19,de,direct,EUR,0.00,0,0,0
2024-03-19,de,email,EUR,0.21,135,6,0
2024-03-19,de,google,EUR,9.47,455,12,1
2024-03-19,de,meta,EUR,25.72,3176,61,0
2024-03-19,de,organic,EUR,0.00,0,0,0
2024-03-19,fr,direct,EUR,0.00,0,0,0
2024-03-19,fr,email,EUR,0.27,294,7,0
2024-03-19,fr,google,EUR,3.30,154,8,0
2024-03-19,fr,meta,EUR,21.40,2393,56,0
2024-03-19,fr,organic,EUR,0.00,0,0,0
2024-03-20,at,direct,EUR,0.00,0,0,0
2024-03-20,at,email,EUR,0.08,42,0,0
2024-03-20,at,google,EUR,0.67,27,1,0
2024-03-20,at,meta,EUR,5.68,604,9,0
2024-03-20,at,organic,EUR,0.00,0,0,0
2024-03-20,de,direct,EUR,0.00,0,0,0
2024-03-20,de,email,EUR,0.32,181,5,0
2024-03-20,de,google,EUR,4.50,195,7,0
2024-03-20,de,meta,EUR,48.15,4550,57,0
2024-03-20,de,organic,EUR,0.00,0,0,0
2024-03-20,fr,direct,EUR,0.00,0,0,0
2024-03-20,fr,email,EUR,0.45,279,11,0
2024-03-20,fr,google,EUR,2.38,82,5,0
2024-03-20,fr,meta,EUR,20.46,2375,34,0
2024-03-20,fr,organic,EUR,0.00,0,0,0
2024-03-21,at,direct,EUR,0.00,0,0,0
2024-03-21,at,email,EUR,0.08,47,1,0
2024-03-21,at,google,EUR,0.38,13,0,0
2024-03-21,at,meta,EUR,6.23,923,3,0
2024-03-21,at,organic,EUR,0.00,0,0,0
2024-03-21,de,direct,EUR,0.00,0,0,0
2024-03-21,de,email,EUR,0.23,133,4,0
2024-03-21,de,google,EUR,8.80,264,11,0
2024-03-21,de,meta,EUR,26.93,3074,47,0
2024-03-21,de,organic,EUR,0.00,0,0,0
2024-03-21,fr,direct,EUR,0.00,0,0,1
2024-03-21,fr,email,EUR,0.28,245,7,0
2024-03-21,fr,google,EUR,3.43,107,5,0
2024-03-21,fr,meta,EUR,19.74,2268,16,0
2024-03-21,fr,organic,EUR,0.00,0,0,0
2024-03-22,at,direct,EUR,0.00,0,0,0
2024-03-22,at,email,EUR,0.05,40,2,0
2024-03-22,at,google,EUR,0.84,39,0,0
2024-03-22,at,meta,EUR,6.06,589,14,0
2024-03-22,at,organic,EUR,0.00,0,0,0
2024-03-22,de,direct,EUR,0.00,0,0,0
2024-03-22,de,email,EUR,0.17,93,1,0
2024-03-22,de,google,EUR,5.67,171,3,0
2024-03-22,de,meta,EUR,33.39,4235,78,0
2024-03-22,de,organic,EUR,0.00,0,0,0
2024-03-22,fr,direct,EUR,0.00,0,0,0
2024-03-22,fr,email,EUR,0.33,267,7,0
2024-03-22,fr,google,EUR,3.87,114,8,0
2024-03-22,fr,meta,EUR,26.05,2376,39,2
2024-03-22,fr,organic,EUR,0.00,0,0,0
2024-03-23,at,direct,EUR,0.00,0,0,0
2024-03-23,at,email,EUR,0.08,47,2,0
2024-03-23,at,google,EUR,0.77,35,5,0
2024-03-23,at,meta,EUR,5.43,559,11,0
2024-03-23,at,organic,EUR,0.00,0,0,0
2024-03-23,de,direct,EUR,0.00,0,0,0
2024-03-23,de,email,EUR,0.33,264,3,0
2024-03-23,de,google,EUR,8.06,295,12,0
2024-03-23,de,meta,EUR,46.77,6208,96,0
2024-03-23,de,organic,EUR,0.00,0,0,0
2024-03-23,fr,direct,EUR,0.00,0,0,0
2024-03-23,fr,email,EUR,0.51,503,11,0
2024-03-23,fr,google,EUR,2.97,116,6,0
2024-03-23,fr,meta,EUR,22.15,3043,44,0
2024-03-23,fr,organic,EUR,0.00,0,0,0
2024-03-24,at,direct,EUR,0.00,0,0,0
2024-03-24,at,email,EUR,0.05,48,2,0
2024-03-24,at,google,EUR,0.54,27,2,0
2024-03-24,at,meta,EUR,3.85,417,7,0
2024-03-24,at,organic,EUR,0.00,0,0,0
2024-03-24,de,direct,EUR,0.00,0,0,0
2024-03-24,de,email,EUR,0.19,105,3,0
2024-03-24,de,google,EUR,5.48,288,14,0
2024-03-24,de,meta,EUR,19.88,2767,18,0
2024-03-24,de,organic,EUR,0.00,0,0,1
2024-03-24,fr,direct,EUR,0.00,0,0,0
2024-03-24,fr,email,EUR,0.33,387,8,0
2024-03-24,fr,google,EUR,3.11,98,5,1
2024-03-24,fr,meta,EUR,17.15,2454,43,1
2024-03-24,fr,organic,EUR,0.00,0,0,0
2024-03-25,at,direct,EUR,0.00,0,0,0
2024-03-25,at,email,EUR,0.04,45,2,0
2024-03-25,at,google,EUR,0.78,33,4,0
2024-03-25,at,meta,EUR,3.65,407,4,0
2024-03-25,at,organic,EUR,0.00,0,0,0
2024-03-25,de,direct,EUR,0.00,0,0,0
2024-03-25,de,email,EUR,0.21,200,4,0
2024-03-25,de,google,EUR,6.80,238,22,0
2024-03-25,de,meta,EUR,29.49,2667,20,0
2024-03-25,de,organic,EUR,0.00,0,0,0
2024-03-25,fr,direct,EUR,0.00,0,0,0
2024-03-25,fr,email,EUR,0.38,267,1,0
2024-03-25,fr,google,EUR,4.15,134,3,0
2024-03-25,fr,meta,EUR,15.51,1713,37,0
2024-03-25,fr,organic,EUR,0.00,0,0,0
2024-03-26,at,direct,EUR,0.00,0,0,0
2024-03-26,at,email,EUR,0.11,76,0,0
2024-03-26,at,google,EUR,0.35,12,1,0
2024-03-26,at,meta,EUR,5.59,810,13,0
2024-03-26,at,organic,EUR,0.00,0,0,0
2024-03-26,de,direct,EUR,0.00,0,0,0
2024-03-26,de,email,EUR,0.46,537,9,0
2024-03-26,de,google,EUR,3.96,212,17,1
2024-03-26,de,meta,EUR,44.60,7335,136,1
2024-03-26,de,organic,EUR,0.00,0,0,0
2024-03-26,fr,direct,EUR,0.00,0,0,0
2024-03-26,fr,email,EUR,0.13,70,1,0
2024-03-26,fr,google,EUR,3.53,162,7,0
2024-03-26,fr,meta,EUR,21.43,2687,33,0
2024-03-26,fr,organic,EUR,0.00,0,0,1
2024-03-27,at,direct,EUR,0.00,0,0,0
2024-03-27,at,email,EUR,0.12,70,1,0
2024-03-27,at,google,EUR,0.36,18,1,0
2024-03-27,at,meta,EUR,5.04,758,12,0
2024-03-27,at,organic,EUR,0.00,0,0,0
2024-03-27,de,direct,EUR,0.00,0,0,0
2024-03-27,de,email,EUR,0.17,205,6,0
2024-03-27,de,google,EUR,7.40,310,12,0
2024-03-27,de,meta,EUR,36.07,4425,69,0
2024-03-27,de,organic,EUR,0.00,0,0,0
2024-03-27,fr,direct,EUR,0.00,0,0,0
2024-03-27,fr,email,EUR,0.53,474,9,1
2024-03-27,fr,google,EUR,2.94,160,3,1
2024-03-27,fr,meta,EUR,26.03,4253,39,0
2024-03-27,fr,organic,EUR,0.00,0,0,0
2024-03-28,at,direct,EUR,0.00,0,0,0
2024-03-28,at,email,EUR,0.11,81,2,0
2024-03-28,at,google,EUR,0.73,25,1,0
2024-03-28,at,meta,EUR,4.38,428,7,0
2024-03-28,at,organic,EUR,0.00,0,0,0
2024-03-28,de,direct,EUR,0.00,0,0,0
2024-03-28,de,email,EUR,0.31,159,5,0
2024-03-28,de,google,EUR,9.60,302,10,1
2024-03-28,de,meta,EUR,50.70,4731,58,0
2024-03-28,de,organic,EUR,0.00,0,0,0
2024-03-28,fr,direct,EUR,0.00,0,0,0
2024-03-28,fr,email,EUR,0.39,295,10,0
2024-03-28,fr,google,EUR,3.40,154,9,0
2024-03-28,fr,meta,EUR,21.11,3156,56,0
2024-03-28,fr,organic,EUR,0.00,0,0,0
2024-03-29,at,direct,EUR,0.00,0,0,0
2024-03-29,at,email,EUR,0.08,44,1,0
2024-03-29,at,google,EUR,0.73,22,0,0
2024-03-29,at,meta,EUR,4.76,493,7,0
2024-03-29,at,organic,EUR,0.00,0,0,0
2024-03-29,de,direct,EUR,0.00,0,0,0
2024-03-29,de,email,EUR,0.22,173,10,0
2024-03-29,de,google,EUR,5.55,246,14,1
2024-03-29,de,meta,EUR,53.28,7665,151,0
2024-03-29,de,organic,EUR,0.00,0,0,1
2024-03-29,fr,direct,EUR,0.00,0,0,0
2024-03-29,fr,email,EUR,0.74,399,7,1
2024-03-29,fr,google,EUR,3.86,181,16,0
2024-03-29,fr,meta,EUR,13.39,1620,10,0
2024-03-29,fr,organic,EUR,0.00,0,0,0
2024-03-30,at,direct,EUR,0.00,0,0,0
2024-03-30,at,email,EUR,0.12,77,1,0
2024-03-30,at,google,EUR,0.81,34,2,0
2024-03-30,at,meta,EUR,4.26,460,4,0
2024-03-30,at,organic,EUR,0.00,0,0,0
2024-03-30,de,direct,EUR,0.00,0,0,0
2024-03-30,de,email,EUR,0.42,309,5,0
2024-03-30,de,google,EUR,6.39,310,13,0
2024-03-30,de,meta,EUR,40.05,4097,49,0
2024-03-30,de,organic,EUR,0.00,0,0,0
2024-03-30,fr,direct,EUR,0.00,0,0,0
2024-03-30,fr,email,EUR,0.29,230,6,0
2024-03-30,fr,google,EUR,4.35,172,9,0
2024-03-30,fr,meta,EUR,30.77,2733,45,0
2024-03-30,fr,organic,EUR,0.00,0,0,0
2024-03-31,at,direct,EUR,0.00,0,0,0
2024-03-31,at,email,EUR,0.06,36,1,0
2024-03-31,at,google,EUR,0.47,14,3,0
2024-03-31,at,meta,EUR,5.70,515,11,1
2024-03-31,at,organic,EUR,0.00,0,0,0
2024-03-31,de,direct,EUR,0.00,0,0,0
2024-03-31,de,email,EUR,0.24,153,6,0
2024-03-31,de,google,EUR,3.76,195,7,0
2024-03-31,de,meta,EUR,13.77,1178,19,0
2024-03-31,de,organic,EUR,0.00,0,0,0
2024-03-31,fr,direct,EUR,0.00,0,0,0
2024-03-31,fr,email,EUR,0.15,146,3,0
2024-03-31,fr,google,EUR,3.95,134,7,0
2024-03-31,fr,meta,EUR,18.57,2470,45,1
2024-03-31,fr,organic,EUR,0.00,0,0,0
2024-04-01,at,direct,EUR,0.00,0,0,0
2024-04-01,at,email,EUR,0.07,57,2,0
2024-04-01,at,google,EUR,0.74,21,1,0
2024-04-01,at,meta,EUR,4.92,575,14,0
2024-04-01,at,organic,EUR,0.00,0,0,0
2024-04-01,de,direct,EUR,0.00,0,0,0
2024-04-01,de,email,EUR,0.28,146,3,0
2024-04-01,de,google,EUR,4.47,170,13,0
2024-04-01,de,meta,EUR,22.50,2614,33,0
2024-04-01,de,organic,EUR,0.00,0,0,0
2024-04-01,fr,direct,EUR,0.00,0,0,0
2024-04-01,fr,email,EUR,0.29,159,1,0
2024-04-01,fr,google,EUR,3.47,130,6,0
2024-04-01,fr,meta,EUR,15.01,2434,41,0
2024-04-01,fr,organic,EUR,0.00,0,0,0
2024-04-02,at,direct,EUR,0.00,0,0,0
2024-04-02,at,email,EUR,0.05,33,1,0
2024-04-02,at,google,EUR,0.84,28,1,0
2024-04-02,at,meta,EUR,3.91,454,6,0
2024-04-02,at,organic,EUR,0.00,0,0,0
2024-04-02,de,direct,EUR,0.00,0,0,2
2024-04-02,de,email,EUR,0.20,148,2,0
2024-04-02,de,google,EUR,8.75,289,14,1
2024-04-02,de,meta,EUR,41.61,4268,39,0
2024-04-02,de,organic,EUR,0.00,0,0,1
2024-04-02,fr,direct,EUR,0.00,0,0,0
2024-04-02,fr,email,EUR,0.28,147,8,1
2024-04-02,fr,google,EUR,2.22,80,6,0
2024-04-02,fr,meta,EUR,26.92,2393,30,1
2024-04-02,fr,organic,EUR,0.00,0,0,1
2024-04-03,at,direct,EUR,0.00,0,0,0
2024-04-03,at,email,EUR,0.08,50,5,0
2024-04-03,at,google,EUR,0.78,26,0,0
2024-04-03,at,meta,EUR,6.80,730,5,0
2024-04-03,at,organic,EUR,0.00,0,0,0
2024-04-03,de,direct,EUR,0.00,0,0,0
2024-04-03,de,email,EUR,0.22,129,3,0
2024-04-03,de,google,EUR,4.08,137,7,0
2024-04-03,de,meta,EUR,21.88,1954,27,0
2024-04-03,de,organic,EUR,0.00,0,0,0
2024-04-03,fr,direct,EUR,0.00,0,0,0
2024-04-03,fr,email,EUR,0.39,306,10,1
2024-04-03,fr,google,EUR,3.00,130,5,0
2024-04-03,fr,meta,EUR,14.77,1486,21,0
2024-04-03,fr,organic,EUR,0.00,0,0,0
2024-04-04,at,direct,EUR,0.00,0,0,0
2024-04-04,at,email,EUR,0.07,67,0,0
2024-04-04,at,google,EUR,0.64,26,2,0
2024-04-04,at,meta,EUR,4.65,735,14,0
2024-04-04,at,organic,EUR,0.00,0,0,0
2024-04-04,de,direct,EUR,0.00,0,0,0
2024-04-04,de,email,EUR,0.38,297,8,0
2024-04-04,de,google,EUR,4.28,233,18,0
2024-04-04,de,meta,EUR,32.53,2872,20,2
2024-04-04,de,organic,EUR,0.00,0,0,1
2024-04-04,fr,direct,EUR,0.00,0,0,0
2024-04-04,fr,email,EUR,0.46,249,6,0
2024-04-04,fr,google,EUR,3.85,139,5,0
2024-04-04,fr,meta,EUR,31.67,2714,47,0
2024-04-04,fr,organic,EUR,0.00,0,0,2
2024-04-05,at,direct,EUR,0.00,0,0,0
2024-04-05,at,email,EUR,0.05,33,0,0
2024-04-05,at,google,EUR,0.40,14,0,0
2024-04-05,at,meta,EUR,3.92,404,5,0
2024-04-05,at,organic,EUR,0.00,0,0,0
2024-04-05,de,direct,EUR,0.00,0,0,0
2024-04-05,de,email,EUR,0.53,474,20,0
2024-04-05,de,google,EUR,10.01,514,32,0
2024-04-05,de,meta,EUR,43.18,5302,48,0
2024-04-05,de,organic,EUR,0.00,0,0,1
2024-04-05,fr,direct,EUR,0.00,0,0,0
2024-04-05,fr,email,EUR,0.35,201,12,0
2024-04-05,fr,google,EUR,5.58,220,2,0
2024-04-05,fr,meta,EUR,24.74,2692,53,0
2024-04-05,fr,organic,EUR,0.00,0,0,0
2024-04-06,at,direct,EUR,0.00,0,0,0
2024-04-06,at,email,EUR,0.08,62,2,0
2024-04-06,at,google,EUR,1.00,33,1,0
2024-04-06,at,meta,EUR,8.55,989,20,1
2024-04-06,at,organic,EUR,0.00,0,0,0
2024-04-06,de,direct,EUR,0.00,0,0,1
2024-04-06,de,email,EUR,0.38,287,4,0
2024-04-06,de,google,EUR,7.85,435,11,0
2024-04-06,de,meta,EUR,63.88,6300,118,0
2024-04-06,de,organic,EUR,0.00,0,0,0
2024-04-06,fr,direct,EUR,0.00,0,0,0
2024-04-06,fr,email,EUR,0.35,360,9,0
2024-04-06,fr,google,EUR,6.19,260,14,1
2024-04-06,fr,meta,EUR,13.43,1402,25,0
2024-04-06,fr,organic,EUR,0.00,0,0,0
2024-04-07,at,direct,EUR,0.00,0,0,0
2024-04-07,at,email,EUR,0.06,31,1,0
2024-04-07,at,google,EUR,0.79,28,4,0
2024-04-07,at,meta,EUR,3.72,320,9,0
2024-04-07,at,organic,EUR,0.00,0,0,0
2024-04-07,de,direct,EUR,0.00,0,0,0
2024-04-07,de,email,EUR,0.17,138,1,0
2024-04-07,de,google,EUR,8.54,260,25,0
2024-04-07,de,meta,EUR,24.04,2168,35,0
2024-04-07,de,organic,EUR,0.00,0,0,0
2024-04-07,fr,direct,EUR,0.00,0,0,0
2024-04-07,fr,email,EUR,0.31,226,5,0
2024-04-07,fr,google,EUR,4.96,148,7,0
2024-04-07,fr,meta,EUR,19.44,1718,29,0
2024-04-07,fr,organic,EUR,0.00,0,0,0
2024-04-08,at,direct,EUR,0.00,0,0,0
2024-04-08,at,email,EUR,0.11,87,0,0
2024-04-08,at,google,EUR,0.73,27,4,0
2024-04-08,at,meta,EUR,4.25,374,8,0
2024-04-08,at,organic,EUR,0.00,0,0,0
2024-04-08,de,direct,EUR,0.00,0,0,0
2024-04-08,de,email,EUR,0.28,282,6,0
2024-04-08,de,google,EUR,4.33,130,11,0
2024-04-08,de,meta,EUR,25.85,3575,31,0
2024-04-08,de,organic,EUR,0.00,0,0,1
2024-04-08,fr,direct,EUR,0.00,0,0,0
2024-04-08,fr,email,EUR,0.27,194,3,0
2024-04-08,fr,google,EUR,3.33,120,6,0
2024-04-08,fr,meta,EUR,17.90,2264,40,0
2024-04-08,fr,organic,EUR,0.00,0,0,0
2024-04-09,at,direct,EUR,0.00,0,0,0
2024-04-09,at,email,EUR,0.09,107,5,0
2024-04-09,at,google,EUR,0.49,23,1,0
2024-04-09,at,meta,EUR,5.13,760,13,0
2024-04-09,at,organic,EUR,0.00,0,0,0
2024-04-09,de,direct,EUR,0.00,0,0,0
2024-04-09,de,email,EUR,0.55,387,10,0
2024-04-09,de,google,EUR,5.44,209,10,0
2024-04-09,de,meta,EUR,32.58,5132,62,0
2024-04-09,de,organic,EUR,0.00,0,0,0
2024-04-09,fr,direct,EUR,0.00,0,0,0
2024-04-09,fr,email,EUR,0.28,161,5,0
2024-04-09,fr,google,EUR,4.25,176,5,0
2024-04-09,fr,meta,EUR,18.06,2879,53,0
2024-04-09,fr,organic,EUR,0.00,0,0,1
2024-04-10,at,direct,EUR,0.00,0,0,0
2024-04-10,at,email,EUR,0.07,38,1,0
2024-04-10,at,google,EUR,0.82,25,0,0
2024-04-10,at,meta,EUR,7.52,803,10,0
2024-04-10,at,organic,EUR,0.00,0,0,0
2024-04-10,de,direct,EUR,0.00,0,0,0
2024-04-10,de,email,EUR,0.29,168,4,0
2024-04-10,de,google,EUR,4.52,221,13,0
2024-04-10,de,meta,EUR,38.70,3593,29,0
2024-04-10,de,organic,EUR,0.00,0,0,0
2024-04-10,fr,direct,EUR,0.00,0,0,0
2024-04-10,fr,email,EUR,0.44,221,6,0
2024-04-10,fr,google,EUR,2.30,94,3,0
2024-04-10,fr,meta,EUR,18.01,2347,40,0
2024-04-10,fr,organic,EUR,0.00,0,0,0
2024-04-11,at,direct,EUR,0.00,0,0,0
2024-04-11,at,email,EUR,0.08,76,5,0
2024-04-11,at,google,EUR,0.90,36,5,0
2024-04-11,at,meta,EUR,5.53,807,15,0
2024-04-11,at,organic,EUR,0.00,0,0,0
2024-04-11,de,direct,EUR,0.00,0,0,0
2024-04-11,de,email,EUR,0.44,238,4,1
2024-04-11,de,google,EUR,5.93,252,5,1
2024-04-11,de,meta,EUR,34.26,2862,29,0
2024-04-11,de,organic,EUR,0.00,0,0,0
2024-04-11,fr,direct,EUR,0.00,0,0,0
2024-04-11,fr,email,EUR,0.49,376,6,1
2024-04-11,fr,google,EUR,4.17,133,6,0
2024-04-11,fr,meta,EUR,22.28,2065,24,0
2024-04-11,fr,organic,EUR,0.00,0,0,0
2024-04-12,at,direct,EUR,0.00,0,0,0
2024-04-12,at,email,EUR,0.08,42,1,0
2024-04-12,at,google,EUR,1.20,46,2,0
2024-04-12,at,meta,EUR,4.17,413,7,0
2024-04-12,at,organic,EUR,0.00,0,0,0
2024-04-12,de,direct,EUR,0.00,0,0,0
2024-04-12,de,email,EUR,0.25,150,4,0
2024-04-12,de,google,EUR,3.63,118,5,1
2024-04-12,de,meta,EUR,53.45,4789,91,0
2024-04-12,de,organic,EUR,0.00,0,0,0
2024-04-12,fr,direct,EUR,0.00,0,0,0
2024-04-12,fr,email,EUR,0.50,273,6,1
2024-04-12,fr,google,EUR,2.88,109,1,0
2024-04-12,fr,meta,EUR,21.76,2523,32,1
2024-04-12,fr,organic,EUR,0.00,0,0,0
2024-04-13,at,direct,EUR,0.00,0,0,0
2024-04-13,at,email,EUR,0.08,69,2,0
2024-04-13,at,google,EUR,0.61,33,3,0
2024-04-13,at,meta,EUR,7.41,917,11,0
2024-04-13,at,organic,EUR,0.00,0,0,0
2024-04-13,de,direct,EUR,0.00,0,0,0
2024-04-13,de,email,EUR,0.32,163,7,0
2024-04-13,de,google,EUR,7.99,338,18,1
2024-04-13,de,meta,EUR,32.34,4968,84,0
2024-04-13,de,organic,EUR,0.00,0,0,0
2024-04-13,fr,direct,EUR,0.00,0,0,0
2024-04-13,fr,email,EUR,0.36,392,13,1
2024-04-13,fr,google,EUR,4.12,141,6,0
2024-04-13,fr,meta,EUR,15.19,2145,35,0
2024-04-13,fr,organic,EUR,0.00,0,0,2
2024-04-14,at,direct,EUR,0.00,0,0,0
2024-04-14,at,email,EUR,0.04,48,4,1
2024-04-14,at,google,EUR,0.51,16,0,0
2024-04-14,at,meta,EUR,3.78,562,6,1
2024-04-14,at,organic,EUR,0.00,0,0,0
2024-04-14,de,direct,EUR,0.00,0,0,0
2024-04-14,de,email,EUR,0.27,176,10,0
2024-04-14,de,google,EUR,4.98,187,14,0
2024-04-14,de,meta,EUR,29.61,2506,27,0
2024-04-14,de,organic,EUR,0.00,0,0,0
2024-04-14,fr,direct,EUR,0.00,0,0,0
2024-04-14,fr,email,EUR,0.14,106,2,0
2024-04-14,fr,google,EUR,7.23,242,6,2
2024-04-14,fr,meta,EUR,26.99,2597,28,0
2024-04-14,fr,organic,EUR,0.00,0,0,0
2024-04-15,at,direct,EUR,0.00,0,0,0
2024-04-15,at,email,EUR,0.06,37,0,0
2024-04-15,at,google,EUR,0.76,31,2,0
2024-04-15,at,meta,EUR,8.46,809,8,0
2024-04-15,at,organic,EUR,0.00,0,0,0
2024-04-15,de,direct,EUR,0.00,0,0,0
2024-04-15,de,email,EUR,0.28,168,6,0
2024-04-15,de,google,EUR,4.88,253,13,0
2024-04-15,de,meta,EUR,35.83,4502,89,0
2024-04-15,de,organic,EUR,0.00,0,0,0
2024-04-15,fr,direct,EUR,0.00,0,0,0
2024-04-15,fr,email,EUR,0.28,177,3,0
2024-04-15,fr,google,EUR,3.50,151,8,0
2024-04-15,fr,meta,EUR,18.80,1996,20,0
2024-04-15,fr,organic,EUR,0.00,0,0,0
2024-04-16,at,direct,EUR,0.00,0,0,0
2024-04-16,at,email,EUR,0.05,28,0,0
2024-04-16,at,google,EUR,0.65,22,0,0
2024-04-16,at,meta,EUR,5.07,453,5,0
2024-04-16,at,organic,EUR,0.00,0,0,0
2024-04-16,de,direct,EUR,0.00,0,0,0
2024-04-16,de,email,EUR,0.21,113,5,1
2024-04-16,de,google,EUR,4.66,148,12,0
2024-04-16,de,meta,EUR,29.35,4075,56,2
2024-04-16,de,organic,EUR,0.00,0,0,0
2024-04-16,fr,direct,EUR,0.00,0,0,0
2024-04-16,fr,email,EUR,0.24,272,9,1
2024-04-16,fr,google,EUR,2.61,112,3,2
2024-04-16,fr,meta,EUR,17.14,1667,18,0
2024-04-16,fr,organic,EUR,0.00,0,0,0
2024-04-17,at,direct,EUR,0.00,0,0,0
2024-04-17,at,email,EUR,0.05,33,2,0
2024-04-17,at,google,EUR,0.48,23,3,0
2024-04-17,at,meta,EUR,2.73,261,1,0
2024-04-17,at,organic,EUR,0.00,0,0,0
2024-04-17,de,direct,EUR,0.00,0,0,0
2024-04-17,de,email,EUR,0.22,132,3,0
2024-04-17,de,google,EUR,4.22,232,10,0
2024-04-17,de,meta,EUR,44.81,6715,117,1
2024-04-17,de,organic,EUR,0.00,0,0,0
2024-04-17,fr,direct,EUR,0.00,0,0,0
2024-04-17,fr,email,EUR,0.31,346,5,0
2024-04-17,fr,google,EUR,4.02,126,10,0
2024-04-17,fr,meta,EUR,16.02,1339,16,1
2024-04-17,fr,organic,EUR,0.00,0,0,0
2024-04-18,at,direct,EUR,0.00,0,0,0
2024-04-18,at,email,EUR,0.09,63,1,0
2024-04-18,at,google,EUR,0.78,33,2,0
2024-04-18,at,meta,EUR,6.12,773,8,0
2024-04-18,at,organic,EUR,0.00,0,0,0
2024-04-18,de,direct,EUR,0.00,0,0,0
2024-04-18,de,email,EUR,0.38,228,1,0
2024-04-18,de,google,EUR,7.06,310,22,0
2024-04-18,de,meta,EUR,37.52,6189,87,0
2024-04-18,de,organic,EUR,0.00,0,0,0
2024-04-18,fr,direct,EUR,0.00,0,0,0
2024-04-18,fr,email,EUR,0.27,286,14,0
2024-04-18,fr,google,EUR,3.14,129,2,0
2024-04-18,fr,meta,EUR,29.17,4597,76,1
2024-04-18,fr,organic,EUR,0.00,0,0,0
2024-04-19,at,direct,EUR,0.00,0,0,0
2024-04-19,at,email,EUR,0.09,72,2,0
2024-04-19,at,google,EUR,0.90,42,2,0
2024-04-19,at,meta,EUR,10.71,1767,27,0
2024-04-19,at,organic,EUR,0.00,0,0,0
2024-04-19,de,direct,EUR,0.00,0,0,0
2024-04-19,de,email,EUR,0.44,393,5,0
2024-04-19,de,google,EUR,4.35,176,8,1
2024-04-19,de,meta,EUR,49.43,4384,78,0
2024-04-19,de,organic,EUR,0.00,0,0,0
2024-04-19,fr,direct,EUR,0.00,0,0,0
2024-04-19,fr,email,EUR,0.36,196,9,1
2024-04-19,fr,google,EUR,2.98,140,8,1
2024-04-19,fr,meta,EUR,17.05,1885,40,0
2024-04-19,fr,organic,EUR,0.00,0,0,0
2024-04-20,at,direct,EUR,0.00,0,0,0
2024-04-20,at,email,EUR,0.05,39,0,0
2024-04-20,at,google,EUR,0.81,27,1,1
2024-04-20,at,meta,EUR,10.10,1324,24,0
2024-04-20,at,organic,EUR,0.00,0,0,0
2024-04-20,de,direct,EUR,0.00,0,0,0
2024-04-20,de,email,EUR,0.52,366,3,0
2024-04-20,de,google,EUR,7.59,311,11,0
2024-04-20,de,meta,EUR,43.57,3946,31,0
2024-04-20,de,organic,EUR,0.00,0,0,0
2024-04-20,fr,direct,EUR,0.00,0,0,1
2024-04-20,fr,email,EUR,0.28,223,5,0
2024-04-20,fr,google,EUR,7.88,437,19,1
2024-04-20,fr,meta,EUR,27.61,3162,28,0
2024-04-20,fr,organic,EUR,0.00,0,0,0
2024-04-21,at,direct,EUR,0.00,0,0,0
2024-04-21,at,email,EUR,0.06,38,0,0
2024-04-21,at,google,EUR,0.59,21,2,0
2024-04-21,at,meta,EUR,7.58,827,17,0
2024-04-21,at,organic,EUR,0.00,0,0,0
2024-04-21,de,direct,EUR,0.00,0,0,0
2024-04-21,de,email,EUR,0.39,202,2,0
2024-04-21,de,google,EUR,8.42,422,18,0
2024-04-21,de,meta,EUR,31.98,2801,24,1
2024-04-21,de,organic,EUR,0.00,0,0,0
2024-04-21,fr,direct,EUR,0.00,0,0,0
2024-04-21,fr,email,EUR,0.18,159,4,0
2024-04-21,fr,google,EUR,4.01,131,6,0
2024-04-21,fr,meta,EUR,15.47,1490,33,0
2024-04-21,fr,organic,EUR,0.00,0,0,0
2024-04-22,at,direct,EUR,0.00,0,0,0
2024-04-22,at,email,EUR,0.09,51,3,0
2024-04-22,at,google,EUR,0.56,21,2,0
2024-04-22,at,meta,EUR,3.54,512,6,0
2024-04-22,at,organic,EUR,0.00,0,0,0
2024-04-22,de,direct,EUR,0.00,0,0,0
2024-04-22,de,email,EUR,0.26,160,9,0
2024-04-22,de,google,EUR,7.75,284,13,2
2024-04-22,de,meta,EUR,25.93,4203,74,1
2024-04-22,de,organic,EUR,0.00,0,0,0
2024-04-22,fr,direct,EUR,0.00,0,0,0
2024-04-22,fr,email,EUR,0.42,452,19,0
2024-04-22,fr,google,EUR,3.55,135,4,0
2024-04-22,fr,meta,EUR,17.28,1786,17,0
2024-04-22,fr,organic,EUR,0.00,0,0,0
2024-04-23,at,direct,EUR,0.00,0,0,0
2024-04-23,at,email,EUR,0.09,48,2,0
2024-04-23,at,google,EUR,0.99,29,0,0
2024-04-23,at,meta,EUR,6.66,670,5,1
2024-04-23,at,organic,EUR,0.00,0,0,0
2024-04-23,de,direct,EUR,0.00,0,0,0
2024-04-23,de,email,EUR,0.24,138,2,0
2024-04-23,de,google,EUR,3.33,121,5,0
2024-04-23,de,meta,EUR,27.39,4459,75,1
2024-04-23,de,organic,EUR,0.00,0,0,0
2024-04-23,fr,direct,EUR,0.00,0,0,0
2024-04-23,fr,email,EUR,0.23,194,2,0
2024-04-23,fr,google,EUR,3.00,143,5,1
2024-04-23,fr,meta,EUR,15.33,1391,18,0
2024-04-23,fr,organic,EUR,0.00,0,0,0
2024-04-24,at,direct,EUR,0.00,0,0,0
2024-04-24,at,email,EUR,0.10,99,1,0
2024-04-24,at,google,EUR,0.51,23,2,0
2024-04-24,at,meta,EUR,4.30,398,4,0
2024-04-24,at,organic,EUR,0.00,0,0,0
2024-04-24,de,direct,EUR,0.00,0,0,0
2024-04-24,de,email,EUR,0.42,363,9,0
2024-04-24,de,google,EUR,4.69,199,10,0
2024-04-24,de,meta,EUR,50.30,7904,78,0
2024-04-24,de,organic,EUR,0.00,0,0,1
2024-04-24,fr,direct,EUR,0.00,0,0,0
2024-04-24,fr,email,EUR,0.32,293,9,0
2024-04-24,fr,google,EUR,3.24,113,3,0
2024-04-24,fr,meta,EUR,18.66,2281,35,0
2024-04-24,fr,organic,EUR,0.00,0,0,0
2024-04-25,at,direct,EUR,0.00,0,0,0
2024-04-25,at,email,EUR,0.07,64,2,0
2024-04-25,at,google,EUR,0.58,22,2,0
2024-04-25,at,meta,EUR,5.88,605,10,0
2024-04-25,at,organic,EUR,0.00,0,0,0
2024-04-25,de,direct,EUR,0.00,0,0,0
2024-04-25,de,email,EUR,0.35,276,3,0
2024-04-25,de,google,EUR,6.44,228,8,1
2024-04-25,de,meta,EUR,43.42,4686,59,1
2024-04-25,de,organic,EUR,0.00,0,0,0
2024-04-25,fr,direct,EUR,0.00,0,0,0
2024-04-25,fr,email,EUR,0.44,314,11,0
2024-04-25,fr,google,EUR,5.82,186,5,0
2024-04-25,fr,meta,EUR,23.21,2658,47,0
2024-04-25,fr,organic,EUR,0.00,0,0,0
2024-04-26,at,direct,EUR,0.00,0,0,0
2024-04-26,at,email,EUR,0.06,51,2,0
2024-04-26,at,google,EUR,0.76,34,0,0
2024-04-26,at,meta,EUR,4.08,374,4,0
2024-04-26,at,organic,EUR,0.00,0,0,0
2024-04-26,de,direct,EUR,0.00,0,0,0
2024-04-26,de,email,EUR,0.23,190,4,0
2024-04-26,de,google,EUR,6.05,218,6,0
2024-04-26,de,meta,EUR,28.70,2619,37,1
2024-04-26,de,organic,EUR,0.00,0,0,0
2024-04-26,fr,direct,EUR,0.00,0,0,0
2024-04-26,fr,email,EUR,0.48,279,4,0
2024-04-26,fr,google,EUR,4.37,213,15,0
2024-04-26,fr,meta,EUR,27.01,3786,55,0
2024-04-26,fr,organic,EUR,0.00,0,0,0
2024-04-27,at,direct,EUR,0.00,0,0,0
2024-04-27,at,email,EUR,0.06,50,0,0
2024-04-27,at,google,EUR,1.03,48,3,0
2024-04-27,at,meta,EUR,5.19,745,6,0
2024-04-27,at,organic,EUR,0.00,0,0,0
2024-04-27,de,direct,EUR,0.00,0,0,0
2024-04-27,de,email,EUR,0.24,194,2,0
2024-04-27,de,google,EUR,4.28,225,19,0
2024-04-27,de,meta,EUR,43.40,7214,101,0
2024-04-27,de,organic,EUR,0.00,0,0,0
2024-04-27,fr,direct,EUR,0.00,0,0,0
2024-04-27,fr,email,EUR,0.48,261,9,0
2024-04-27,fr,google,EUR,1.66,68,3,0
2024-04-27,fr,meta,EUR,20.95,3080,40,0
2024-04-27,fr,organic,EUR,0.00,0,0,0
2024-04-28,at,direct,EUR,0.00,0,0,0
2024-04-28,at,email,EUR,0.06,43,2,0
2024-04-28,at,google,EUR,0.35,13,0,0
2024-04-28,at,meta,EUR,3.57,368,3,0
2024-04-28,at,organic,EUR,0.00,0,0,0
2024-04-28,de,direct,EUR,0.00,0,0,0
2024-04-28,de,email,EUR,0.26,133,2,0
2024-04-28,de,google,EUR,5.07,243,21,0
2024-04-28,de,meta,EUR,14.01,2183,30,0
2024-04-28,de,organic,EUR,0.00,0,0,0
2024-04-28,fr,direct,EUR,0.00,0,0,0
2024-04-28,fr,email,EUR,0.29,210,4,0
2024-04-28,fr,google,EUR,6.03,180,4,0
2024-04-28,fr,meta,EUR,17.93,1536,14,1
2024-04-28,fr,organic,EUR,0.00,0,0,0
2024-04-29,at,direct,EUR,0.00,0,0,1
2024-04-29,at,email,EUR,0.07,49,0,0
2024-04-29,at,google,EUR,0.41,20,0,0
2024-04-29,at,meta,EUR,6.29,569,7,0
2024-04-29,at,organic,EUR,0.00,0,0,0
2024-04-29,de,direct,EUR,0.00,0,0,0
2024-04-29,de,email,EUR,0.24,183,3,0
2024-04-29,de,google,EUR,4.95,222,11,1
2024-04-29,de,meta,EUR,26.39,2640,46,0
2024-04-29,de,organic,EUR,0.00,0,0,0
2024-04-29,fr,direct,EUR,0.00,0,0,0
2024-04-29,fr,email,EUR,0.36,345,4,0
2024-04-29,fr,google,EUR,3.38,106,11,0
2024-04-29,fr,meta,EUR,26.40,2574,42,0
2024-04-29,fr,organic,EUR,0.00,0,0,0
2024-04-30,at,direct,EUR,0.00,0,0,0
2024-04-30,at,email,EUR,0.10,57,3,0
2024-04-30,at,google,EUR,0.35,16,5,0
2024-04-30,at,meta,EUR,6.45,645,4,0
2024-04-30,at,organic,EUR,0.00,0,0,0
2024-04-30,de,direct,EUR,0.00,0,0,0
2024-04-30,de,email,EUR,0.26,134,6,0
2024-04-30,de,google,EUR,9.30,272,18,0
2024-04-30,de,meta,EUR,44.15,6328,54,0
2024-04-30,de,organic,EUR,0.00,0,0,0
2024-04-30,fr,direct,EUR,0.00,0,0,0
2024-04-30,fr,email,EUR,0.46,351,7,0
2024-04-30,fr,google,EUR,3.74,124,6,0
2024-04-30,fr,meta,EUR,12.96,1798,35,1
2024-04-30,fr,organic,EUR,0.00,0,0,0
2024-05-01,at,direct,EUR,0.00,0,0,0
2024-05-01,at,email,EUR,0.11,93,0,0
2024-05-01,at,google,EUR,0.79,26,0,0
2024-05-01,at,meta,EUR,6.73,836,11,0
2024-05-01,at,organic,EUR,0.00,0,0,0
2024-05-01,de,direct,EUR,0.00,0,0,2
2024-05-01,de,email,EUR,0.44,278,8,0
2024-05-01,de,google,EUR,5.93,240,11,0
2024-05-01,de,meta,EUR,38.92,4923,89,0
2024-05-01,de,organic,EUR,0.00,0,0,0
2024-05-01,fr,direct,EUR,0.00,0,0,0
2024-05-01,fr,email,EUR,0.43,326,12,0
2024-05-01,fr,google,EUR,5.71,202,8,0
2024-05-01,fr,meta,EUR,26.02,3483,68,0
2024-05-01,fr,organic,EUR,0.00,0,0,0
2024-05-02,at,direct,EUR,0.00,0,0,0
2024-05-02,at,email,EUR,0.08,99,4,1
2024-05-02,at,google,EUR,0.57,22,1,0
2024-05-02,at,meta,EUR,4.25,395,6,0
2024-05-02,at,organic,EUR,0.00,0,0,0
2024-05-02,de,direct,EUR,0.00,0,0,0
2024-05-02,de,email,EUR,0.42,241,7,0
2024-05-02,de,google,EUR,9.35,511,26,0
2024-05-02,de,meta,EUR,43.12,5879,104,0
2024-05-02,de,organic,EUR,0.00,0,0,0
2024-05-02,fr,direct,EUR,0.00,0,0,0
2024-05-02,fr,email,EUR,0.22,157,6,0
2024-05-02,fr,google,EUR,4.88,186,7,0
2024-05-02,fr,meta,EUR,20.19,2470,34,0
2024-05-02,fr,organic,EUR,0.00,0,0,0
2024-05-03,at,direct,EUR,0.00,0,0,0
2024-05-03,at,email,EUR,0.06,54,2,0
2024-05-03,at,google,EUR,0.78,36,7,0
2024-05-03,at,meta,EUR,6.31,722,5,0
2024-05-03,at,organic,EUR,0.00,0,0,0
2024-05-03,de,direct,EUR,0.00,0,0,0
2024-05-03,de,email,EUR,0.54,310,10,0
2024-05-03,de,google,EUR,4.90,141,6,0
2024-05-03,de,meta,EUR,18.31,2082,28,0
2024-05-03,de,organic,EUR,0.00,0,0,0
2024-05-03,fr,direct,EUR,0.00,0,0,0
2024-05-03,fr,email,EUR,0.36,358,13,0
2024-05-03,fr,google,EUR,5.78,201,16,0
2024-05-03,fr,meta,EUR,21.29,2303,29,0
2024-05-03,fr,organic,EUR,0.00,0,0,0
2024-05-04,at,direct,EUR,0.00,0,0,1
2024-05-04,at,email,EUR,0.09,73,2,0
2024-05-04,at,google,EUR,1.12,45,2,0
2024-05-04,at,meta,EUR,5.84,516,2,0
2024-05-04,at,organic,EUR,0.00,0,0,0
2024-05-04,de,direct,EUR,0.00,0,0,0
2024-05-04,de,email,EUR,0.21,137,7,0
2024-05-04,de,google,EUR,5.54,220,6,0
2024-05-04,de,meta,EUR,42.39,5071,76,1
2024-05-04,de,organic,EUR,0.00,0,0,0
2024-05-04,fr,direct,EUR,0.00,0,0,0
2024-05-04,fr,email,EUR,0.54,288,8,0
2024-05-04,fr,google,EUR,4.29,196,10,0
2024-05-04,fr,meta,EUR,33.27,3510,39,0
2024-05-04,fr,organic,EUR,0.00,0,0,0
2024-05-05,at,direct,EUR,0.00,0,0,0
2024-05-05,at,email,EUR,0.07,68,1,0
2024-05-05,at,google,EUR,0.53,15,0,0
2024-05-05,at,meta,EUR,6.59,789,11,0
2024-05-05,at,organic,EUR,0.00,0,0,0
2024-05-05,de,direct,EUR,0.00,0,0,0
2024-05-05,de,email,EUR,0.28,301,6,0
2024-05-05,de,google,EUR,6.51,282,11,0
2024-05-05,de,meta,EUR,36.67,4042,87,1
2024-05-05,de,organic,EUR,0.00,0,0,0
2024-05-05,fr,direct,EUR,0.00,0,0,0
2024-05-05,fr,email,EUR,0.25,148,6,0
2024-05-05,fr,google,EUR,2.34,93,3,0
2024-05-05,fr,meta,EUR,18.15,1513,19,1
2024-05-05,fr,organic,EUR,0.00,0,0,0
2024-05-06,at,direct,EUR,0.00,0,0,0
2024-05-06,at,email,EUR,0.07,66,4,0
2024-05-06,at,google,EUR,0.75,23,1,0
2024-05-06,at,meta,EUR,7.93,721,12,0
2024-05-06,at,organic,EUR,0.00,0,0,0
2024-05-06,de,direct,EUR,0.00,0,0,0
2024-05-06,de,email,EUR,0.36,329,7,0
2024-05-06,de,google,EUR,7.97,272,9,0
2024-05-06,de,meta,EUR,41.81,3770,59,0
2024-05-06,de,organic,EUR,0.00,0,0,1
2024-05-06,fr,direct,EUR,0.00,0,0,0
2024-05-06,fr,email,EUR,0.55,428,10,0
2024-05-06,fr,google,EUR,4.04,150,6,0
2024-05-06,fr,meta,EUR,16.29,1483,12,0
2024-05-06,fr,organic,EUR,0.00,0,0,0
2024-05-07,at,direct,EUR,0.00,0,0,0
2024-05-07,at,email,EUR,0.07,47,0,0
2024-05-07,at,google,EUR,0.68,27,2,0
2024-05-07,at,meta,EUR,8.07,769,14,0
2024-05-07,at,organic,EUR,0.00,0,0,0
2024-05-07,de,direct,EUR,0.00,0,0,0
2024-05-07,de,email,EUR,0.19,217,4,0
2024-05-07,de,google,EUR,4.56,175,7,0
2024-05-07,de,meta,EUR,51.24,6965,114,0
2024-05-07,de,organic,EUR,0.00,0,0,0
2024-05-07,fr,direct,EUR,0.00,0,0,0
2024-05-07,fr,email,EUR,0.35,223,5,0
2024-05-07,fr,google,EUR,6.02,183,4,1
2024-05-07,fr,meta,EUR,36.84,3988,68,1
2024-05-07,fr,organic,EUR,0.00,0,0,0
2024-05-08,at,direct,EUR,0.00,0,0,0
2024-05-08,at,email,EUR,0.09,86,4,0
2024-05-08,at,google,EUR,0.95,28,1,0
2024-05-08,at,meta,EUR,4.93,513,2,0
2024-05-08,at,organic,EUR,0.00,0,0,0
2024-05-08,de,direct,EUR,0.00,0,0,0
2024-05-08,de,email,EUR,0.26,298,8,0
2024-05-08,de,google,EUR,6.44,246,10,0
2024-05-08,de,meta,EUR,37.94,4112,25,0
2024-05-08,de,organic,EUR,0.00,0,0,1
2024-05-08,fr,direct,EUR,0.00,0,0,0
2024-05-08,fr,email,EUR,0.38,218,10,0
2024-05-08,fr,google,EUR,3.40,139,4,0
2024-05-08,fr,meta,EUR,34.35,2917,27,0
2024-05-08,fr,organic,EUR,0.00,0,0,1
2024-05-09,at,direct,EUR,0.00,0,0,0
2024-05-09,at,email,EUR,0.07,38,1,0
2024-05-09,at,google,EUR,0.93,37,2,0
2024-05-09,at,meta,EUR,2.80,237,3,0
2024-05-09,at,organic,EUR,0.00,0,0,0
2024-05-09,de,direct,EUR,0.00,0,0,0
2024-05-09,de,email,EUR,0.26,319,11,0
2024-05-09,de,google,EUR,4.35,141,11,0
2024-05-09,de,meta,EUR,39.60,3811,33,1
2024-05-09,de,organic,EUR,0.00,0,0,0
2024-05-09,fr,direct,EUR,0.00,0,0,0
2024-05-09,fr,email,EUR,0.54,425,11,0
2024-05-09,fr,google,EUR,3.41,155,15,0
2024-05-09,fr,meta,EUR,15.04,1675,27,0
2024-05-09,fr,organic,EUR,0.00,0,0,0
2024-05-10,at,direct,EUR,0.00,0,0,0
2024-05-10,at,email,EUR,0.08,40,2,0
2024-05-10,at,google,EUR,0.71,28,0,0
2024-05-10,at,meta,EUR,4.08,346,4,0
2024-05-10,at,organic,EUR,0.00,0,0,0
2024-05-10,de,direct,EUR,0.00,0,0,0
2024-05-10,de,email,EUR,0.36,387,11,1
2024-05-10,de,google,EUR,6.78,218,8,0
2024-05-10,de,meta,EUR,30.35,5004,55,0
2024-05-10,de,organic,EUR,0.00,0,0,0
2024-05-10,fr,direct,EUR,0.00,0,0,1
2024-05-10,fr,email,EUR,0.40,365,20,0
2024-05-10,fr,google,EUR,6.66,216,7,0
2024-05-10,fr,meta,EUR,18.76,1571,19,0
2024-05-10,fr,organic,EUR,0.00,0,0,1
2024-05-11,at,direct,EUR,0.00,0,0,0
2024-05-11,at,email,EUR,0.11,55,2,0
2024-05-11,at,google,EUR,0.87,33,2,0
2024-05-11,at,meta,EUR,11.19,981,15,0
2024-05-11,at,organic,EUR,0.00,0,0,1
2024-05-11,de,direct,EUR,0.00,0,0,1
2024-05-11,de,email,EUR,0.62,326,8,0
2024-05-11,de,google,EUR,9.70,514,34,0
2024-05-11,de,meta,EUR,44.84,3981,58,2
2024-05-11,de,organic,EUR,0.00,0,0,0
2024-05-11,fr,direct,EUR,0.00,0,0,0
2024-05-11,fr,email,EUR,0.47,236,5,0
2024-05-11,fr,google,EUR,4.24,122,10,0
2024-05-11,fr,meta,EUR,36.75,3480,62,0
2024-05-11,fr,organic,EUR,0.00,0,0,0
2024-05-12,at,direct,EUR,0.00,0,0,0
2024-05-12,at,email,EUR,0.06,53,3,0
2024-05-12,at,google,EUR,0.87,48,2,0
2024-05-12,at,meta,EUR,4.50,584,3,0
2024-05-12,at,organic,EUR,0.00,0,0,0
2024-05-12,de,direct,EUR,0.00,0,0,0
2024-05-12,de,email,EUR,0.48,309,12,0
2024-05-12,de,google,EUR,4.60,197,9,0
2024-05-12,de,meta,EUR,22.69,1902,29,0
2024-05-12,de,organic,EUR,0.00,0,0,0
2024-05-12,fr,direct,EUR,0.00,0,0,0
2024-05-12,fr,email,EUR,0.40,234,8,0
2024-05-12,fr,google,EUR,2.99,152,7,0
2024-05-12,fr,meta,EUR,19.63,1755,16,0
2024-05-12,fr,organic,EUR,0.00,0,0,0
2024-05-13,at,direct,EUR,0.00,0,0,0
2024-05-13,at,email,EUR,0.08,90,5,0
2024-05-13,at,google,EUR,0.79,32,2,0
2024-05-13,at,meta,EUR,4.45,392,5,0
2024-05-13,at,organic,EUR,0.00,0,0,0
2024-05-13,de,direct,EUR,0.00,0,0,0
2024-05-13,de,email,EUR,0.23,141,9,0
2024-05-13,de,google,EUR,5.34,191,7,1
2024-05-13,de,meta,EUR,20.89,2090,33,0
2024-05-13,de,organic,EUR,0.00,0,0,0
2024-05-13,fr,direct,EUR,0.00,0,0,0
2024-05-13,fr,email,EUR,0.22,202,7,0
2024-05-13,fr,google,EUR,3.32,184,10,0
2024-05-13,fr,meta,EUR,36.80,3281,40,0
2024-05-13,fr,organic,EUR,0.00,0,0,0
2024-05-14,at,direct,EUR,0.00,0,0,0
2024-05-14,at,email,EUR,0.08,57,3,0
2024-05-14,at,google,EUR,0.49,24,1,0
2024-05-14,at,meta,EUR,9.63,987,20,0
2024-05-14,at,organic,EUR,0.00,0,0,0
2024-05-14,de,direct,EUR,0.00,0,0,0
2024-05-14,de,email,EUR,0.36,321,6,0
2024-05-14,de,google,EUR,4.33,216,4,1
2024-05-14,de,meta,EUR,27.72,3212,48,1
2024-05-14,de,organic,EUR,0.00,0,0,1
2024-05-14,fr,direct,EUR,0.00,0,0,0
2024-05-14,fr,email,EUR,0.33,256,10,1
2024-05-14,fr,google,EUR,3.84,183,14,0
2024-05-14,fr,meta,EUR,29.79,3932,84,0
2024-05-14,fr,organic,EUR,0.00,0,0,1
2024-05-15,at,direct,EUR,0.00,0,0,0
2024-05-15,at,email,EUR,0.06,46,2,0
2024-05-15,at,google,EUR,0.95,37,1,0
2024-05-15,at,meta,EUR,9.05,758,15,0
2024-05-15,at,organic,EUR,0.00,0,0,0
2024-05-15,de,direct,EUR,0.00,0,0,1
2024-05-15,de,email,EUR,0.38,195,11,0
2024-05-15,de,google,EUR,5.26,254,14,0
2024-05-15,de,meta,EUR,63.54,7458,96,0
2024-05-15,de,organic,EUR,0.00,0,0,0
2024-05-15,fr,direct,EUR,0.00,0,0,0
2024-05-15,fr,email,EUR,0.48,372,5,0
2024-05-15,fr,google,EUR,2.57,95,5,0
2024-05-15,fr,meta,EUR,28.52,3436,54,0
2024-05-15,fr,organic,EUR,0.00,0,0,0
2024-05-16,at,direct,EUR,0.00,0,0,0
2024-05-16,at,email,EUR,0.07,70,1,0
2024-05-16,at,google,EUR,0.58,23,2,0
2024-05-16,at,meta,EUR,6.42,621,13,1
2024-05-16,at,organic,EUR,0.00,0,0,1
2024-05-16,de,direct,EUR,0.00,0,0,0
2024-05-16,de,email,EUR,0.37,305,3,0
2024-05-16,de,google,EUR,11.16,491,16,0
2024-05-16,de,meta,EUR,38.38,3757,63,2
2024-05-16,de,organic,EUR,0.00,0,0,0
2024-05-16,fr,direct,EUR,0.00,0,0,0
2024-05-16,fr,email,EUR,0.39,371,10,0
2024-05-16,fr,google,EUR,3.61,156,12,0
2024-05-16,fr,meta,EUR,19.76,2143,30,0
2024-05-16,fr,organic,EUR,0.00,0,0,0
2024-05-17,at,direct,EUR,0.00,0,0,0
2024-05-17,at,email,EUR,0.14,115,3,0
2024-05-17,at,google,EUR,1.33,58,4,0
2024-05-17,at,meta,EUR,6.35,803,12,0
2024-05-17,at,organic,EUR,0.00,0,0,0
2024-05-17,de,direct,EUR,0.00,0,0,0
2024-05-17,de,email,EUR,0.41,208,5,0
2024-05-17,de,google,EUR,7.32,322,25,0
2024-05-17,de,meta,EUR,48.34,4357,82,0
2024-05-17,de,organic,EUR,0.00,0,0,0
2024-05-17,fr,direct,EUR,0.00,0,0,0
2024-05-17,fr,email,EUR,0.65,755,18,0
2024-05-17,fr,google,EUR,4.95,214,15,0
2024-05-17,fr,meta,EUR,33.83,2860,44,0
2024-05-17,fr,organic,EUR,0.00,0,0,0
2024-05-18,at,direct,EUR,0.00,0,0,0
2024-05-18,at,email,EUR,0.07,34,0,0
2024-05-18,at,google,EUR,1.25,68,6,0
2024-05-18,at,meta,EUR,7.02,645,13,1
2024-05-18,at,organic,EUR,0.00,0,0,0
2024-05-18,de,direct,EUR,0.00,0,0,0
2024-05-18,de,email,EUR,0.42,244,14,0
2024-05-18,de,google,EUR,5.59,229,3,0
2024-05-18,de,meta,EUR,40.87,4709,97,0
2024-05-18,de,organic,EUR,0.00,0,0,0
2024-05-18,fr,direct,EUR,0.00,0,0,0
2024-05-18,fr,email,EUR,0.28,237,9,0
2024-05-18,fr,google,EUR,5.20,181,5,0
2024-05-18,fr,meta,EUR,20.98,2248,24,0
2024-05-18,fr,organic,EUR,0.00,0,0,0
2024-05-19,at,direct,EUR,0.00,0,0,0
2024-05-19,at,email,EUR,0.04,39,0,0
2024-05-19,at,google,EUR,0.70,30,1,1
2024-05-19,at,meta,EUR,5.43,849,11,0
2024-05-19,at,organic,EUR,0.00,0,0,0
2024-05-19,de,direct,EUR,0.00,0,0,0
2024-05-19,de,email,EUR,0.44,245,4,0
2024-05-19,de,google,EUR,4.77,242,6,0
2024-05-19,de,meta,EUR,19.36,1758,34,0
2024-05-19,de,organic,EUR,0.00,0,0,0
2024-05-19,fr,direct,EUR,0.00,0,0,0
2024-05-19,fr,email,EUR,0.18,187,4,0
2024-05-19,fr,google,EUR,4.79,218,19,0
2024-05-19,fr,meta,EUR,31.62,3155,24,0
2024-05-19,fr,organic,EUR,0.00,0,0,0
2024-05-20,at,direct,EUR,0.00,0,0,0
2024-05-20,at,email,EUR,0.04,26,0,0
2024-05-20,at,google,EUR,0.74,22,2,0
2024-05-20,at,meta,EUR,9.00,1427,9,0
2024-05-20,at,organic,EUR,0.00,0,0,0
2024-05-20,de,direct,EUR,0.00,0,0,0
2024-05-20,de,email,EUR,0.40,242,3,0
2024-05-20,de,google,EUR,3.56,114,8,1
2024-05-20,de,meta,EUR,48.16,4738,68,1
2024-05-20,de,organic,EUR,0.00,0,0,0
2024-05-20,fr,direct,EUR,0.00,0,0,0
2024-05-20,fr,email,EUR,0.42,497,13,0
2024-05-20,fr,google,EUR,6.44,306,21,0
2024-05-20,fr,meta,EUR,26.63,2846,58,0
2024-05-20,fr,organic,EUR,0.00,0,0,1
2024-05-21,at,direct,EUR,0.00,0,0,0
2024-05-21,at,email,EUR,0.08,77,1,0
2024-05-21,at,google,EUR,0.70,21,1,0
2024-05-21,at,meta,EUR,6.67,727,10,0
2024-05-21,at,organic,EUR,0.00,0,0,0
2024-05-21,de,direct,EUR,0.00,0,0,2
2024-05-21,de,email,EUR,0.22,136,5,0
2024-05-21,de,google,EUR,4.48,174,10,0
2024-05-21,de,meta,EUR,20.01,2421,30,0
2024-05-21,de,organic,EUR,0.00,0,0,0
2024-05-21,fr,direct,EUR,0.00,0,0,0
2024-05-21,fr,email,EUR,0.46,517,16,0
2024-05-21,fr,google,EUR,6.17,252,8,0
2024-05-21,fr,meta,EUR,19.34,2437,42,0
2024-05-21,fr,organic,EUR,0.00,0,0,0
2024-05-22,at,direct,EUR,0.00,0,0,0
2024-05-22,at,email,EUR,0.08,90,5,0
2024-05-22,at,google,EUR,0.96,39,2,0
2024-05-22,at,meta,EUR,7.70,885,9,0
2024-05-22,at,organic,EUR,0.00,0,0,0
2024-05-22,de,direct,EUR,0.00,0,0,0
2024-05-22,de,email,EUR,0.41,222,5,0
2024-05-22,de,google,EUR,9.62,288,20,0
2024-05-22,de,meta,EUR,34.21,2945,34,0
2024-05-22,de,organic,EUR,0.00,0,0,0
2024-05-22,fr,direct,EUR,0.00,0,0,0
2024-05-22,fr,email,EUR,0.35,342,8,0
2024-05-22,fr,google,EUR,5.43,252,15,0
2024-05-22,fr,meta,EUR,33.19,3180,50,0
2024-05-22,fr,organic,EUR,0.00,0,0,0
2024-05-23,at,direct,EUR,0.00,0,0,0
2024-05-23,at,email,EUR,0.08,75,1,0
2024-05-23,at,google,EUR,0.72,25,0,0
2024-05-23,at,meta,EUR,9.05,892,13,0
2024-05-23,at,organic,EUR,0.00,0,0,0
2024-05-23,de,direct,EUR,0.00,0,0,0
2024-05-23,de,email,EUR,0.43,355,8,0
2024-05-23,de,google,EUR,6.31,224,13,1
2024-05-23,de,meta,EUR,40.94,5039,83,1
2024-05-23,de,organic,EUR,0.00,0,0,0
2024-05-23,fr,direct,EUR,0.00,0,0,0
2024-05-23,fr,email,EUR,0.43,384,5,0
2024-05-23,fr,google,EUR,4.06,130,11,0
2024-05-23,fr,meta,EUR,52.60,6959,93,1
2024-05-23,fr,organic,EUR,0.00,0,0,0
2024-05-24,at,direct,EUR,0.00,0,0,0
2024-05-24,at,email,EUR,0.13,75,1,0
2024-05-24,at,google,EUR,0.94,31,1,0
2024-05-24,at,meta,EUR,4.88,469,6,0
2024-05-24,at,organic,EUR,0.00,0,0,0
2024-05-24,de,direct,EUR,0.00,0,0,0
2024-05-24,de,email,EUR,0.40,235,3,0
2024-05-24,de,google,EUR,12.63,507,38,0
2024-05-24,de,meta,EUR,48.50,7923,88,0
2024-05-24,de,organic,EUR,0.00,0,0,0
2024-05-24,fr,direct,EUR,0.00,0,0,0
2024-05-24,fr,email,EUR,0.52,344,5,0
2024-05-24,fr,google,EUR,3.83,136,4,0
2024-05-24,fr,meta,EUR,27.35,2291,30,0
2024-05-24,fr,organic,EUR,0.00,0,0,1
2024-05-25,at,direct,EUR,0.00,0,0,0
2024-05-25,at,email,EUR,0.04,27,2,0
2024-05-25,at,google,EUR,1.19,47,1,0
2024-05-25,at,meta,EUR,9.16,911,18,0
2024-05-25,at,organic,EUR,0.00,0,0,0
2024-05-25,de,direct,EUR,0.00,0,0,1
2024-05-25,de,email,EUR,0.53,283,2,0
2024-05-25,de,google,EUR,7.33,315,18,0
2024-05-25,de,meta,EUR,38.34,5026,93,1
2024-05-25,de,organic,EUR,0.00,0,0,0
2024-05-25,fr,direct,EUR,0.00,0,0,0
2024-05-25,fr,email,EUR,0.35,192,2,0
2024-05-25,fr,google,EUR,4.89,226,14,0
2024-05-25,fr,meta,EUR,36.28,3293,54,1
2024-05-25,fr,organic,EUR,0.00,0,0,1
2024-05-26,at,direct,EUR,0.00,0,0,0
2024-05-26,at,email,EUR,0.08,88,2,0
2024-05-26,at,google,EUR,0.54,22,0,0
2024-05-26,at,meta,EUR,4.65,477,9,0
2024-05-26,at,organic,EUR,0.00,0,0,0
2024-05-26,de,direct,EUR,0.00,0,0,0
2024-05-26,de,email,EUR,0.28,141,0,0
2024-05-26,de,google,EUR,5.19,196,9,0
2024-05-26,de,meta,EUR,19.09,1774,22,1
2024-05-26,de,organic,EUR,0.00,0,0,0
2024-05-26,fr,direct,EUR,0.00,0,0,0
2024-05-26,fr,email,EUR,0.25,297,9,0
2024-05-26,fr,google,EUR,4.03,137,8,0
2024-05-26,fr,meta,EUR,18.78,1615,23,0
2024-05-26,fr,organic,EUR,0.00,0,0,0
2024-05-27,at,direct,EUR,0.00,0,0,0
2024-05-27,at,email,EUR,0.12,76,2,0
2024-05-27,at,google,EUR,0.58,21,2,0
2024-05-27,at,meta,EUR,2.62,365,5,0
2024-05-27,at,organic,EUR,0.00,0,0,0
2024-05-27,de,direct,EUR,0.00,0,0,0
2024-05-27,de,email,EUR,0.31,308,10,0
2024-05-27,de,google,EUR,6.98,354,23,0
2024-05-27,de,meta,EUR,28.60,4493,58,0
2024-05-27,de,organic,EUR,0.00,0,0,1
2024-05-27,fr,direct,EUR,0.00,0,0,0
2024-05-27,fr,email,EUR,0.36,294,9,0
2024-05-27,fr,google,EUR,4.75,165,15,0
2024-05-27,fr,meta,EUR,24.07,2078,35,0
2024-05-27,fr,organic,EUR,0.00,0,0,0
2024-05-28,at,direct,EUR,0.00,0,0,0
2024-05-28,at,email,EUR,0.06,39,0,0
2024-05-28,at,google,EUR,0.52,22,2,0
2024-05-28,at,meta,EUR,3.11,349,1,0
2024-05-28,at,organic,EUR,0.00,0,0,0
2024-05-28,de,direct,EUR,0.00,0,0,0
2024-05-28,de,email,EUR,0.32,173,4,0
2024-05-28,de,google,EUR,2.72,88,6,1
2024-05-28,de,meta,EUR,30.66,3131,45,0
2024-05-28,de,organic,EUR,0.00,0,0,2
2024-05-28,fr,direct,EUR,0.00,0,0,0
2024-05-28,fr,email,EUR,0.47,281,6,0
2024-05-28,fr,google,EUR,4.72,195,11,0
2024-05-28,fr,meta,EUR,15.76,1462,23,0
2024-05-28,fr,organic,EUR,0.00,0,0,0
2024-05-29,at,direct,EUR,0.00,0,0,0
2024-05-29,at,email,EUR,0.07,69,1,0
2024-05-29,at,google,EUR,0.57,25,0,0
2024-05-29,at,meta,EUR,4.56,397,6,1
2024-05-29,at,organic,EUR,0.00,0,0,0
2024-05-29,de,direct,EUR,0.00,0,0,0
2024-05-29,de,email,EUR,0.18,193,9,0
2024-05-29,de,google,EUR,6.80,248,14,0
2024-05-29,de,meta,EUR,32.04,3118,32,0
2024-05-29,de,organic,EUR,0.00,0,0,0
2024-05-29,fr,direct,EUR,0.00,0,0,0
2024-05-29,fr,email,EUR,0.26,165,4,0
2024-05-29,fr,google,EUR,3.98,160,11,0
2024-05-29,fr,meta,EUR,26.06,2880,58,0
2024-05-29,fr,organic,EUR,0.00,0,0,0
2024-05-30,at,direct,EUR,0.00,0,0,0
2024-05-30,at,email,EUR,0.07,39,4,1
2024-05-30,at,google,EUR,0.46,16,0,0
2024-05-30,at,meta,EUR,7.48,1144,17,0
2024-05-30,at,organic,EUR,0.00,0,0,0
2024-05-30,de,direct,EUR,0.00,0,0,0
2024-05-30,de,email,EUR,0.32,222,3,0
2024-05-30,de,google,EUR,6.49,282,9,0
2024-05-30,de,meta,EUR,55.68,4720,77,0
2024-05-30,de,organic,EUR,0.00,0,0,0
2024-05-30,fr,direct,EUR,0.00,0,0,0
2024-05-30,fr,email,EUR,0.36,304,4,1
2024-05-30,fr,google,EUR,5.38,169,7,0
2024-05-30,fr,meta,EUR,27.20,2637,49,0
2024-05-30,fr,organic,EUR,0.00,0,0,0
2024-05-31,at,direct,EUR,0.00,0,0,0
2024-05-31,at,email,EUR,0.07,39,0,0
2024-05-31,at,google,EUR,1.09,34,2,0
2024-05-31,at,meta,EUR,7.17,714,6,0
2024-05-31,at,organic,EUR,0.00,0,0,0
2024-05-31,de,direct,EUR,0.00,0,0,0
2024-05-31,de,email,EUR,0.29,180,9,0
2024-05-31,de,google,EUR,11.19,390,13,0
2024-05-31,de,meta,EUR,31.45,2987,43,0
2024-05-31,de,organic,EUR,0.00,0,0,0
2024-05-31,fr,direct,EUR,0.00,0,0,0
2024-05-31,fr,email,EUR,0.39,483,15,0
2024-05-31,fr,google,EUR,6.74,235,12,0
2024-05-31,fr,meta,EUR,50.09,5612,87,0
2024-05-31,fr,organic,EUR,0.00,0,0,0
2024-06-01,at,direct,EUR,0.00,0,0,0
2024-06-01,at,email,EUR,0.08,52,1,0
2024-06-01,at,google,EUR,1.51,52,4,0
2024-06-01,at,meta,EUR,7.35,917,12,0
2024-06-01,at,organic,EUR,0.00,0,0,0
2024-06-01,de,direct,EUR,0.00,0,0,0
2024-06-01,de,email,EUR,0.25,235,9,0
2024-06-01,de,google,EUR,9.59,416,8,1
2024-06-01,de,meta,EUR,49.67,7559,65,1
2024-06-01,de,organic,EUR,0.00,0,0,0
2024-06-01,fr,direct,EUR,0.00,0,0,0
2024-06-01,fr,email,EUR,0.48,362,4,0
2024-06-01,fr,google,EUR,6.03,314,10,1
2024-06-01,fr,meta,EUR,17.09,2481,44,0
2024-06-01,fr,organic,EUR,0.00,0,0,0
2024-06-02,at,direct,EUR,0.00,0,0,0
2024-06-02,at,email,EUR,0.10,98,3,0
2024-06-02,at,google,EUR,0.93,50,4,0
2024-06-02,at,meta,EUR,8.67,731,15,0
2024-06-02,at,organic,EUR,0.00,0,0,0
2024-06-02,de,direct,EUR,0.00,0,0,0
2024-06-02,de,email,EUR,0.39,238,9,0
2024-06-02,de,google,EUR,3.55,130,1,0
2024-06-02,de,meta,EUR,33.07,3474,59,0
2024-06-02,de,organic,EUR,0.00,0,0,0
2024-06-02,fr,direct,EUR,0.00,0,0,0
2024-06-02,fr,email,EUR,0.29,164,3,0
2024-06-02,fr,google,EUR,3.19,129,5,2
2024-06-02,fr,meta,EUR,18.70,2547,30,2
2024-06-02,fr,organic,EUR,0.00,0,0,0
2024-06-03,at,direct,EUR,0.00,0,0,0
2024-06-03,at,email,EUR,0.12,114,5,0
2024-06-03,at,google,EUR,0.41,22,2,0
2024-06-03,at,meta,EUR,3.62,336,6,0
2024-06-03,at,organic,EUR,0.00,0,0,0
2024-06-03,de,direct,EUR,0.00,0,0,0
2024-06-03,de,email,EUR,0.32,161,1,0
2024-06-03,de,google,EUR,7.95,265,12,0
2024-06-03,de,meta,EUR,46.17,5529,62,0
2024-06-03,de,organic,EUR,0.00,0,0,0
2024-06-03,fr,direct,EUR,0.00,0,0,0
2024-06-03,fr,email,EUR,0.27,157,4,0
2024-06-03,fr,google,EUR,2.75,83,6,0
2024-06-03,fr,meta,EUR,32.86,5126,58,0
2024-06-03,fr,organic,EUR,0.00,0,0,0
2024-06-04,at,direct,EUR,0.00,0,0,0
2024-06-04,at,email,EUR,0.07,42,1,0
2024-06-04,at,google,EUR,0.88,38,3,0
2024-06-04,at,meta,EUR,5.55,596,13,0
2024-06-04,at,organic,EUR,0.00,0,0,0
2024-06-04,de,direct,EUR,0.00,0,0,0
2024-06-04,de,email,EUR,0.29,254,13,0
2024-06-04,de,google,EUR,5.34,290,12,0
2024-06-04,de,meta,EUR,35.10,3221,63,0
2024-06-04,de,organic,EUR,0.00,0,0,0
2024-06-04,fr,direct,EUR,0.00,0,0,0
2024-06-04,fr,email,EUR,0.49,600,22,0
2024-06-04,fr,google,EUR,2.88,131,5,0
2024-06-04,fr,meta,EUR,21.92,2432,18,0
2024-06-04,fr,organic,EUR,0.00,0,0,0
2024-06-05,at,direct,EUR,0.00,0,0,0
2024-06-05,at,email,EUR,0.14,116,3,0
2024-06-05,at,google,EUR,1.14,43,2,0
2024-06-05,at,meta,EUR,6.45,643,7,0
2024-06-05,at,organic,EUR,0.00,0,0,0
2024-06-05,de,direct,EUR,0.00,0,0,0
2024-06-05,de,email,EUR,0.26,176,10,0
2024-06-05,de,google,EUR,4.64,206,6,1
2024-06-05,de,meta,EUR,48.76,5254,44,0
2024-06-05,de,organic,EUR,0.00,0,0,1
2024-06-05,fr,direct,EUR,0.00,0,0,0
2024-06-05,fr,email,EUR,0.30,218,2,0
2024-06-05,fr,google,EUR,3.20,118,9,0
2024-06-05,fr,meta,EUR,23.57,2617,21,1
2024-06-05,fr,organic,EUR,0.00,0,0,0
2024-06-06,at,direct,EUR,0.00,0,0,0
2024-06-06,at,email,EUR,0.08,82,5,0
2024-06-06,at,google,EUR,0.67,21,0,0
2024-06-06,at,meta,EUR,4.86,476,6,1
2024-06-06,at,organic,EUR,0.00,0,0,0
2024-06-06,de,direct,EUR,0.00,0,0,0
2024-06-06,de,email,EUR,0.34,248,11,0
2024-06-06,de,google,EUR,6.65,335,29,0
2024-06-06,de,meta,EUR,37.62,3259,22,1
2024-06-06,de,organic,EUR,0.00,0,0,0
2024-06-06,fr,direct,EUR,0.00,0,0,0
2024-06-06,fr,email,EUR,0.34,206,2,0
2024-06-06,fr,google,EUR,4.37,141,4,0
2024-06-06,fr,meta,EUR,19.90,1703,29,1
2024-06-06,fr,organic,EUR,0.00,0,0,1
2024-06-07,at,direct,EUR,0.00,0,0,0
2024-06-07,at,email,EUR,0.15,115,1,0
2024-06-07,at,google,EUR,0.86,36,3,0
2024-06-07,at,meta,EUR,6.65,578,2,0
2024-06-07,at,organic,EUR,0.00,0,0,0
2024-06-07,de,direct,EUR,0.00,0,0,0
2024-06-07,de,email,EUR,0.46,294,6,0
2024-06-07,de,google,EUR,6.41,286,11,0
2024-06-07,de,meta,EUR,49.07,8037,137,2
2024-06-07,de,organic,EUR,0.00,0,0,1
2024-06-07,fr,direct,EUR,0.00,0,0,0
2024-06-07,fr,email,EUR,0.25,173,6,0
2024-06-07,fr,google,EUR,5.14,174,11,1
2024-06-07,fr,meta,EUR,21.01,2444,27,0
2024-06-07,fr,organic,EUR,0.00,0,0,1
2024-06-08,at,direct,EUR,0.00,0,0,0
2024-06-08,at,email,EUR,0.09,59,0,0
2024-06-08,at,google,EUR,0.48,21,0,0
2024-06-08,at,meta,EUR,4.30,454,6,0
2024-06-08,at,organic,EUR,0.00,0,0,0
2024-06-08,de,direct,EUR,0.00,0,0,0
2024-06-08,de,email,EUR,0.28,325,5,0
2024-06-08,de,google,EUR,11.39,382,19,1
2024-06-08,de,meta,EUR,28.91,2597,47,0
2024-06-08,de,organic,EUR,0.00,0,0,1
2024-06-08,fr,direct,EUR,0.00,0,0,0
2024-06-08,fr,email,EUR,0.34,170,10,0
2024-06-08,fr,google,EUR,3.03,144,10,0
2024-06-08,fr,meta,EUR,16.93,2059,15,1
2024-06-08,fr,organic,EUR,0.00,0,0,1
2024-06-09,at,direct,EUR,0.00,0,0,0
2024-06-09,at,email,EUR,0.07,68,1,0
2024-06-09,at,google,EUR,0.66,24,0,0
2024-06-09,at,meta,EUR,7.37,667,12,1
2024-06-09,at,organic,EUR,0.00,0,0,1
2024-06-09,de,direct,EUR,0.00,0,0,1
2024-06-09,de,email,EUR,0.25,147,3,0
2024-06-09,de,google,EUR,5.53,199,15,0
2024-06-09,de,meta,EUR,14.29,2172,41,0
2024-06-09,de,organic,EUR,0.00,0,0,0
2024-06-09,fr,direct,EUR,0.00,0,0,0
2024-06-09,fr,email,EUR,0.34,219,8,0
2024-06-09,fr,google,EUR,2.77,130,7,0
2024-06-09,fr,meta,EUR,16.84,2001,24,0
2024-06-09,fr,organic,EUR,0.00,0,0,0
2024-06-10,at,direct,EUR,0.00,0,0,0
2024-06-10,at,email,EUR,0.08,55,2,0
2024-06-10,at,google,EUR,0.49,25,0,0
2024-06-10,at,meta,EUR,4.32,471,7,0
2024-06-10,at,organic,EUR,0.00,0,0,0
2024-06-10,de,direct,EUR,0.00,0,0,0
2024-06-10,de,email,EUR,0.36,275,4,0
2024-06-10,de,google,EUR,5.83,228,20,0
2024-06-10,de,meta,EUR,38.76,3307,33,2
2024-06-10,de,organic,EUR,0.00,0,0,0
2024-06-10,fr,direct,EUR,0.00,0,0,0
2024-06-10,fr,email,EUR,0.35,225,9,1
2024-06-10,fr,google,EUR,3.80,144,12,0
2024-06-10,fr,meta,EUR,16.59,2230,44,0
2024-06-10,fr,organic,EUR,0.00,0,0,0
2024-06-11,at,direct,EUR,0.00,0,0,1
2024-06-11,at,email,EUR,0.19,101,5,1
2024-06-11,at,google,EUR,0.75,37,2,0
2024-06-11,at,meta,EUR,10.29,1549,13,0
2024-06-11,at,organic,EUR,0.00,0,0,0
2024-06-11,de,direct,EUR,0.00,0,0,1
2024-06-11,de,email,EUR,0.16,202,7,0
2024-06-11,de,google,EUR,7.58,392,13,0
2024-06-11,de,meta,EUR,41.58,6472,99,0
2024-06-11,de,organic,EUR,0.00,0,0,0
2024-06-11,fr,direct,EUR,0.00,0,0,0
2024-06-11,fr,email,EUR,0.41,262,7,0
2024-06-11,fr,google,EUR,2.85,119,7,0
2024-06-11,fr,meta,EUR,24.42,3508,64,0
2024-06-11,fr,organic,EUR,0.00,0,0,0
2024-06-12,at,direct,EUR,0.00,0,0,0
2024-06-12,at,email,EUR,0.10,66,1,0
2024-06-12,at,google,EUR,0.46,14,1,0
2024-06-12,at,meta,EUR,5.83,512,11,0
2024-06-12,at,organic,EUR,0.00,0,0,0
2024-06-12,de,direct,EUR,0.00,0,0,0
2024-06-12,de,email,EUR,0.30,183,3,0
2024-06-12,de,google,EUR,8.45,260,15,0
2024-06-12,de,meta,EUR,44.35,7036,71,0
2024-06-12,de,organic,EUR,0.00,0,0,0
2024-06-12,fr,direct,EUR,0.00,0,0,0
2024-06-12,fr,email,EUR,0.42,469,19,0
2024-06-12,fr,google,EUR,4.47,142,5,1
2024-06-12,fr,meta,EUR,19.59,2393,34,0
2024-06-12,fr,organic,EUR,0.00,0,0,0
2024-06-13,at,direct,EUR,0.00,0,0,0
2024-06-13,at,email,EUR,0.07,34,2,0
2024-06-13,at,google,EUR,0.90,42,0,0
2024-06-13,at,meta,EUR,8.26,713,13,1
2024-06-13,at,organic,EUR,0.00,0,0,0
2024-06-13,de,direct,EUR,0.00,0,0,0
2024-06-13,de,email,EUR,0.28,224,9,0
2024-06-13,de,google,EUR,7.93,281,20,0
2024-06-13,de,meta,EUR,33.84,3353,31,1
2024-06-13,de,organic,EUR,0.00,0,0,0
2024-06-13,fr,direct,EUR,0.00,0,0,0
2024-06-13,fr,email,EUR,0.69,461,15,0
2024-06-13,fr,google,EUR,3.69,125,5,0
2024-06-13,fr,meta,EUR,22.13,2063,33,0
2024-06-13,fr,organic,EUR,0.00,0,0,1
2024-06-14,at,direct,EUR,0.00,0,0,0
2024-06-14,at,email,EUR,0.12,67,0,0
2024-06-14,at,google,EUR,1.13,38,0,0
2024-06-14,at,meta,EUR,6.49,935,13,0
2024-06-14,at,organic,EUR,0.00,0,0,0
2024-06-14,de,direct,EUR,0.00,0,0,0
2024-06-14,de,email,EUR,0.33,239,11,0
2024-06-14,de,google,EUR,10.44,382,15,0
2024-06-14,de,meta,EUR,67.34,7760,76,1
2024-06-14,de,organic,EUR,0.00,0,0,0
2024-06-14,fr,direct,EUR,0.00,0,0,0
2024-06-14,fr,email,EUR,0.32,209,2,0
2024-06-14,fr,google,EUR,3.54,108,5,0
2024-06-14,fr,meta,EUR,24.26,2854,43,0
2024-06-14,fr,organic,EUR,0.00,0,0,0
2024-06-15,at,direct,EUR,0.00,0,0,0
2024-06-15,at,email,EUR,0.08,46,0,0
2024-06-15,at,google,EUR,0.69,29,0,0
2024-06-15,at,meta,EUR,6.89,742,11,0
2024-06-15,at,organic,EUR,0.00,0,0,0
2024-06-15,de,direct,EUR,0.00,0,0,0
2024-06-15,de,email,EUR,0.31,175,7,0
2024-06-15,de,google,EUR,8.62,331,17,0
2024-06-15,de,meta,EUR,39.53,4073,35,0
2024-06-15,de,organic,EUR,0.00,0,0,0
2024-06-15,fr,direct,EUR,0.00,0,0,1
2024-06-15,fr,email,EUR,0.26,150,6,0
2024-06-15,fr,google,EUR,4.71,257,10,0
2024-06-15,fr,meta,EUR,28.86,2878,44,0
2024-06-15,fr,organic,EUR,0.00,0,0,0
2024-06-16,at,direct,EUR,0.00,0,0,0
2024-06-16,at,email,EUR,0.06,40,1,0
2024-06-16,at,google,EUR,0.43,21,2,0
2024-06-16,at,meta,EUR,4.05,461,7,0
2024-06-16,at,organic,EUR,0.00,0,0,0
2024-06-16,de,direct,EUR,0.00,0,0,0
2024-06-16,de,email,EUR,0.26,145,2,0
2024-06-16,de,google,EUR,5.25,246,10,0
2024-06-16,de,meta,EUR,35.78,3585,66,0
2024-06-16,de,organic,EUR,0.00,0,0,0
2024-06-16,fr,direct,EUR,0.00,0,0,0
2024-06-16,fr,email,EUR,0.21,141,5,0
2024-06-16,fr,google,EUR,3.62,156,9,0
2024-06-16,fr,meta,EUR,17.36,2249,42,0
2024-06-16,fr,organic,EUR,0.00,0,0,1
2024-06-17,at,direct,EUR,0.00,0,0,0
2024-06-17,at,email,EUR,0.09,71,2,0
2024-06-17,at,google,EUR,0.35,12,0,0
2024-06-17,at,meta,EUR,5.49,581,6,0
2024-06-17,at,organic,EUR,0.00,0,0,0
2024-06-17,de,direct,EUR,0.00,0,0,0
2024-06-17,de,email,EUR,0.49,415,14,0
2024-06-17,de,google,EUR,7.94,306,20,0
2024-06-17,de,meta,EUR,41.37,4058,49,1
2024-06-17,de,organic,EUR,0.00,0,0,0
2024-06-17,fr,direct,EUR,0.00,0,0,0
2024-06-17,fr,email,EUR,0.26,134,12,0
2024-06-17,fr,google,EUR,2.74,133,4,0
2024-06-17,fr,meta,EUR,16.24,1561,13,0
2024-06-17,fr,organic,EUR,0.00,0,0,0
2024-06-18,at,direct,EUR,0.00,0,0,0
2024-06-18,at,email,EUR,0.07,50,2,0
2024-06-18,at,google,EUR,0.65,30,1,0
2024-06-18,at,meta,EUR,6.16,642,8,0
2024-06-18,at,organic,EUR,0.00,0,0,0
2024-06-18,de,direct,EUR,0.00,0,0,0
2024-06-18,de,email,EUR,0.26,199,7,0
2024-06-18,de,google,EUR,5.63,297,14,1
2024-06-18,de,meta,EUR,61.18,6862,107,0
2024-06-18,de,organic,EUR,0.00,0,0,0
2024-06-18,fr,direct,EUR,0.00,0,0,0
2024-06-18,fr,email,EUR,0.25,224,3,0
2024-06-18,fr,google,EUR,3.47,121,3,0
2024-06-18,fr,meta,EUR,24.18,3602,61,0
2024-06-18,fr,organic,EUR,0.00,0,0,0
2024-06-19,at,direct,EUR,0.00,0,0,0
2024-06-19,at,email,EUR,0.09,69,2,0
2024-06-19,at,google,EUR,0.62,32,1,0
2024-06-19,at,meta,EUR,4.66,598,8,0
2024-06-19,at,organic,EUR,0.00,0,0,0
2024-06-19,de,direct,EUR,0.00,0,0,0
2024-06-19,de,email,EUR,0.33,284,11,0
2024-06-19,de,google,EUR,6.15,336,15,0
2024-06-19,de,meta,EUR,34.97,5121,56,0
2024-06-19,de,organic,EUR,0.00,0,0,0
2024-06-19,fr,direct,EUR,0.00,0,0,0
2024-06-19,fr,email,EUR,0.37,283,12,0
2024-06-19,fr,google,EUR,4.52,167,9,0
2024-06-19,fr,meta,EUR,34.17,3052,48,1
2024-06-19,fr,organic,EUR,0.00,0,0,0
2024-06-20,at,direct,EUR,0.00,0,0,0
2024-06-20,at,email,EUR,0.08,49,1,0
2024-06-20,at,google,EUR,0.48,15,2,0
2024-06-20,at,meta,EUR,5.84,575,9,0
2024-06-20,at,organic,EUR,0.00,0,0,0
2024-06-20,de,direct,EUR,0.00,0,0,0
2024-06-20,de,email,EUR,0.57,580,17,0
2024-06-20,de,google,EUR,10.51,519,41,0
2024-06-20,de,meta,EUR,32.56,2864,53,1
2024-06-20,de,organic,EUR,0.00,0,0,0
2024-06-20,fr,direct,EUR,0.00,0,0,0
2024-06-20,fr,email,EUR,0.53,382,13,0
2024-06-20,fr,google,EUR,3.22,141,6,0
2024-06-20,fr,meta,EUR,26.56,2966,57,0
2024-06-20,fr,organic,EUR,0.00,0,0,0
2024-06-21,at,direct,EUR,0.00,0,0,0
2024-06-21,at,email,EUR,0.10,83,2,0
2024-06-21,at,google,EUR,0.95,32,2,0
2024-06-21,at,meta,EUR,5.49,749,12,0
2024-06-21,at,organic,EUR,0.00,0,0,0
2024-06-21,de,direct,EUR,0.00,0,0,0
2024-06-21,de,email,EUR,0.29,278,11,0
2024-06-21,de,google,EUR,11.09,375,30,0
2024-06-21,de,meta,EUR,27.48,2787,53,0
2024-06-21,de,organic,EUR,0.00,0,0,0
2024-06-21,fr,direct,EUR,0.00,0,0,0
2024-06-21,fr,email,EUR,0.63,494,24,0
2024-06-21,fr,google,EUR,2.67,102,4,0
2024-06-21,fr,meta,EUR,23.14,2215,31,0
2024-06-21,fr,organic,EUR,0.00,0,0,0
2024-06-22,at,direct,EUR,0.00,0,0,0
2024-06-22,at,email,EUR,0.10,73,2,0
2024-06-22,at,google,EUR,0.76,31,0,0
2024-06-22,at,meta,EUR,13.86,1270,22,0
2024-06-22,at,organic,EUR,0.00,0,0,0
2024-06-22,de,direct,EUR,0.00,0,0,0
2024-06-22,de,email,EUR,0.62,364,14,0
2024-06-22,de,google,EUR,7.16,270,19,0
2024-06-22,de,meta,EUR,72.30,6281,109,0
2024-06-22,de,organic,EUR,0.00,0,0,0
2024-06-22,fr,direct,EUR,0.00,0,0,0
2024-06-22,fr,email,EUR,0.49,402,10,0
2024-06-22,fr,google,EUR,2.92,105,3,0
2024-06-22,fr,meta,EUR,28.21,2690,28,0
2024-06-22,fr,organic,EUR,0.00,0,0,0
2024-06-23,at,direct,EUR,0.00,0,0,0
2024-06-23,at,email,EUR,0.04,21,2,0
2024-06-23,at,google,EUR,0.44,13,1,0
2024-06-23,at,meta,EUR,4.70,633,9,0
2024-06-23,at,organic,EUR,0.00,0,0,0
2024-06-23,de,direct,EUR,0.00,0,0,0
2024-06-23,de,email,EUR,0.25,152,7,0
2024-06-23,de,google,EUR,4.36,140,4,0
2024-06-23,de,meta,EUR,35.78,5839,85,0
2024-06-23,de,organic,EUR,0.00,0,0,1
2024-06-23,fr,direct,EUR,0.00,0,0,0
2024-06-23,fr,email,EUR,0.56,422,9,0
2024-06-23,fr,google,EUR,2.84,115,0,0
2024-06-23,fr,meta,EUR,11.00,1387,26,0
2024-06-23,fr,organic,EUR,0.00,0,0,0
2024-06-24,at,direct,EUR,0.00,0,0,0
2024-06-24,at,email,EUR,0.09,80,2,0
2024-06-24,at,google,EUR,0.57,19,0,0
2024-06-24,at,meta,EUR,8.43,731,13,0
2024-06-24,at,organic,EUR,0.00,0,0,0
2024-06-24,de,direct,EUR,0.00,0,0,1
2024-06-24,de,email,EUR,0.47,314,2,0
2024-06-24,de,google,EUR,8.50,440,22,0
2024-06-24,de,meta,EUR,39.65,5579,41,0
2024-06-24,de,organic,EUR,0.00,0,0,0
2024-06-24,fr,direct,EUR,0.00,0,0,0
2024-06-24,fr,email,EUR,0.29,199,5,0
2024-06-24,fr,google,EUR,2.38,92,4,0
2024-06-24,fr,meta,EUR,21.41,2884,57,0
2024-06-24,fr,organic,EUR,0.00,0,0,0
2024-06-25,at,direct,EUR,0.00,0,0,0
2024-06-25,at,email,EUR,0.06,65,3,0
2024-06-25,at,google,EUR,0.97,52,1,0
2024-06-25,at,meta,EUR,5.28,696,9,0
2024-06-25,at,organic,EUR,0.00,0,0,0
2024-06-25,de,direct,EUR,0.00,0,0,1
2024-06-25,de,email,EUR,0.36,196,10,0
2024-06-25,de,google,EUR,7.35,225,23,0
2024-06-25,de,meta,EUR,93.06,11825,117,0
2024-06-25,de,organic,EUR,0.00,0,0,0
2024-06-25,fr,direct,EUR,0.00,0,0,0
2024-06-25,fr,email,EUR,0.21,128,4,0
2024-06-25,fr,google,EUR,3.36,107,5,0
2024-06-25,fr,meta,EUR,20.90,3020,40,0
2024-06-25,fr,organic,EUR,0.00,0,0,0
2024-06-26,at,direct,EUR,0.00,0,0,0
2024-06-26,at,email,EUR,0.05,43,1,0
2024-06-26,at,google,EUR,0.89,32,4,0
2024-06-26,at,meta,EUR,6.37,1055,7,0
2024-06-26,at,organic,EUR,0.00,0,0,0
2024-06-26,de,direct,EUR,0.00,0,0,0
2024-06-26,de,email,EUR,0.34,317,15,1
2024-06-26,de,google,EUR,6.69,231,13,0
2024-06-26,de,meta,EUR,42.40,3960,28,0
2024-06-26,de,organic,EUR,0.00,0,0,0
2024-06-26,fr,direct,EUR,0.00,0,0,0
2024-06-26,fr,email,EUR,0.49,309,8,0
2024-06-26,fr,google,EUR,6.47,198,10,0
2024-06-26,fr,meta,EUR,18.75,1751,19,0
2024-06-26,fr,organic,EUR,0.00,0,0,0
2024-06-27,at,direct,EUR,0.00,0,0,0
2024-06-27,at,email,EUR,0.08,45,1,1
2024-06-27,at,google,EUR,0.73,24,4,0
2024-06-27,at,meta,EUR,4.08,674,3,0
2024-06-27,at,organic,EUR,0.00,0,0,0
2024-06-27,de,direct,EUR,0.00,0,0,0
2024-06-27,de,email,EUR,0.31,178,8,1
2024-06-27,de,google,EUR,5.69,166,7,0
2024-06-27,de,meta,EUR,26.80,4088,69,0
2024-06-27,de,organic,EUR,0.00,0,0,1
2024-06-27,fr,direct,EUR,0.00,0,0,0
2024-06-27,fr,email,EUR,0.21,114,4,0
2024-06-27,fr,google,EUR,2.67,78,6,0
2024-06-27,fr,meta,EUR,20.39,2367,26,0
2024-06-27,fr,organic,EUR,0.00,0,0,0
2024-06-28,at,direct,EUR,0.00,0,0,0
2024-06-28,at,email,EUR,0.09,69,0,0
2024-06-28,at,google,EUR,1.00,30,1,1
2024-06-28,at,meta,EUR,5.77,738,7,0
2024-06-28,at,organic,EUR,0.00,0,0,0
2024-06-28,de,direct,EUR,0.00,0,0,0
2024-06-28,de,email,EUR,0.28,297,7,0
2024-06-28,de,google,EUR,7.53,301,17,1
2024-06-28,de,meta,EUR,40.61,6216,115,1
2024-06-28,de,organic,EUR,0.00,0,0,0
2024-06-28,fr,direct,EUR,0.00,0,0,0
2024-06-28,fr,email,EUR,0.32,166,6,1
2024-06-28,fr,google,EUR,4.04,148,12,0
2024-06-28,fr,meta,EUR,24.57,3474,41,0
2024-06-28,fr,organic,EUR,0.00,0,0,0
2024-06-29,at,direct,EUR,0.00,0,0,0
2024-06-29,at,email,EUR,0.07,79,2,0
2024-06-29,at,google,EUR,0.62,28,1,0
2024-06-29,at,meta,EUR,7.40,951,15,0
2024-06-29,at,organic,EUR,0.00,0,0,0
2024-06-29,de,direct,EUR,0.00,0,0,0
2024-06-29,de,email,EUR,0.37,201,11,0
2024-06-29,de,google,EUR,7.14,209,6,1
2024-06-29,de,meta,EUR,33.87,3136,47,0
2024-06-29,de,organic,EUR,0.00,0,0,0
2024-06-29,fr,direct,EUR,0.00,0,0,0
2024-06-29,fr,email,EUR,0.49,407,16,0
2024-06-29,fr,google,EUR,8.78,471,32,1
2024-06-29,fr,meta,EUR,39.43,5411,45,1
2024-06-29,fr,organic,EUR,0.00,0,0,0
2024-06-30,at,direct,EUR,0.00,0,0,0
2024-06-30,at,email,EUR,0.08,57,1,0
2024-06-30,at,google,EUR,0.61,27,3,0
2024-06-30,at,meta,EUR,7.77,650,6,0
2024-06-30,at,organic,EUR,0.00,0,0,0
2024-06-30,de,direct,EUR,0.00,0,0,0
2024-06-30,de,email,EUR,0.33,196,4,0
2024-06-30,de,google,EUR,4.09,123,9,0
2024-06-30,de,meta,EUR,28.00,2732,27,0
2024-06-30,de,organic,EUR,0.00,0,0,0
2024-06-30,fr,direct,EUR,0.00,0,0,1
2024-06-30,fr,email,EUR,0.28,210,1,0
2024-06-30,fr,google,EUR,3.64,106,8,0
2024-06-30,fr,meta,EUR,28.23,2799,27,0
2024-06-30,fr,organic,EUR,0.00,0,0,0
2024-07-01,at,direct,EUR,0.00,0,0,0
2024-07-01,at,email,EUR,0.04,39,2,0
2024-07-01,at,google,EUR,0.62,23,1,1
2024-07-01,at,meta,EUR,5.01,467,10,0
2024-07-01,at,organic,EUR,0.00,0,0,0
2024-07-01,de,direct,EUR,0.00,0,0,0
2024-07-01,de,email,EUR,0.24,132,5,0
2024-07-01,de,google,EUR,5.03,170,6,0
2024-07-01,de,meta,EUR,27.12,2371,30,0
2024-07-01,de,organic,EUR,0.00,0,0,0
2024-07-01,fr,direct,EUR,0.00,0,0,0
2024-07-01,fr,email,EUR,0.27,192,5,0
2024-07-01,fr,google,EUR,2.80,128,12,0
2024-07-01,fr,meta,EUR,14.94,2321,37,0
2024-07-01,fr,organic,EUR,0.00,0,0,0
2024-07-02,at,direct,EUR,0.00,0,0,0
2024-07-02,at,email,EUR,0.06,48,2,0
2024-07-02,at,google,EUR,0.54,25,0,0
2024-07-02,at,meta,EUR,7.49,1081,20,0
2024-07-02,at,organic,EUR,0.00,0,0,0
2024-07-02,de,direct,EUR,0.00,0,0,0
2024-07-02,de,email,EUR,0.23,226,4,0
2024-07-02,de,google,EUR,5.54,211,16,0
2024-07-02,de,meta,EUR,27.08,3796,59,0
2024-07-02,de,organic,EUR,0.00,0,0,1
2024-07-02,fr,direct,EUR,0.00,0,0,0
2024-07-02,fr,email,EUR,0.21,143,8,0
2024-07-02,fr,google,EUR,3.14,97,5,0
2024-07-02,fr,meta,EUR,17.84,2820,36,1
2024-07-02,fr,organic,EUR,0.00,0,0,0
2024-07-03,at,direct,EUR,0.00,0,0,0
2024-07-03,at,email,EUR,0.06,34,0,0
2024-07-03,at,google,EUR,0.75,23,1,0
2024-07-03,at,meta,EUR,6.31,671,8,0
2024-07-03,at,organic,EUR,0.00,0,0,0
2024-07-03,de,direct,EUR,0.00,0,0,0
2024-07-03,de,email,EUR,0.25,288,6,0
2024-07-03,de,google,EUR,4.81,223,3,0
2024-07-03,de,meta,EUR,22.38,1972,34,0
2024-07-03,de,organic,EUR,0.00,0,0,0
2024-07-03,fr,direct,EUR,0.00,0,0,0
2024-07-03,fr,email,EUR,0.31,181,2,0
2024-07-03,fr,google,EUR,3.95,199,21,0
2024-07-03,fr,meta,EUR,18.92,2691,40,0
2024-07-03,fr,organic,EUR,0.00,0,0,0
2024-07-04,at,direct,EUR,0.00,0,0,0
2024-07-04,at,email,EUR,0.07,41,2,0
2024-07-04,at,google,EUR,0.53,16,1,0
2024-07-04,at,meta,EUR,8.74,894,6,0
2024-07-04,at,organic,EUR,0.00,0,0,0
2024-07-04,de,direct,EUR,0.00,0,0,0
2024-07-04,de,email,EUR,0.38,354,6,0
2024-07-04,de,google,EUR,7.27,321,14,1
2024-07-04,de,meta,EUR,56.46,8292,92,0
2024-07-04,de,organic,EUR,0.00,0,0,0
2024-07-04,fr,direct,EUR,0.00,0,0,0
2024-07-04,fr,email,EUR,0.44,519,18,0
2024-07-04,fr,google,EUR,5.94,260,17,1
2024-07-04,fr,meta,EUR,28.80,3295,33,0
2024-07-04,fr,organic,EUR,0.00,0,0,0
2024-07-05,at,direct,EUR,0.00,0,0,0
2024-07-05,at,email,EUR,0.08,43,1,0
2024-07-05,at,google,EUR,0.86,40,2,0
2024-07-05,at,meta,EUR,5.73,641,6,0
2024-07-05,at,organic,EUR,0.00,0,0,0
2024-07-05,de,direct,EUR,0.00,0,0,0
2024-07-05,de,email,EUR,0.44,387,13,1
2024-07-05,de,google,EUR,8.87,401,25,1
2024-07-05,de,meta,EUR,41.65,4047,75,0
2024-07-05,de,organic,EUR,0.00,0,0,0
2024-07-05,fr,direct,EUR,0.00,0,0,0
2024-07-05,fr,email,EUR,0.36,412,19,0
2024-07-05,fr,google,EUR,3.31,140,10,0
2024-07-05,fr,meta,EUR,25.66,2162,24,1
2024-07-05,fr,organic,EUR,0.00,0,0,0
2024-07-06,at,direct,EUR,0.00,0,0,0
2024-07-06,at,email,EUR,0.06,35,2,0
2024-07-06,at,google,EUR,0.91,28,2,0
2024-07-06,at,meta,EUR,12.59,1660,19,0
2024-07-06,at,organic,EUR,0.00,0,0,0
2024-07-06,de,direct,EUR,0.00,0,0,0
2024-07-06,de,email,EUR,0.26,265,5,0
2024-07-06,de,google,EUR,8.49,258,10,0
2024-07-06,de,meta,EUR,37.49,6227,80,1
2024-07-06,de,organic,EUR,0.00,0,0,0
2024-07-06,fr,direct,EUR,0.00,0,0,0
2024-07-06,fr,email,EUR,0.29,153,5,1
2024-07-06,fr,google,EUR,3.26,109,3,0
2024-07-06,fr,meta,EUR,26.61,3984,41,0
2024-07-06,fr,organic,EUR,0.00,0,0,1
2024-07-07,at,direct,EUR,0.00,0,0,0
2024-07-07,at,email,EUR,0.07,60,1,0
2024-07-07,at,google,EUR,0.22,7,0,0
2024-07-07,at,meta,EUR,3.69,469,6,0
2024-07-07,at,organic,EUR,0.00,0,0,0
2024-07-07,de,direct,EUR,0.00,0,0,0
2024-07-07,de,email,EUR,0.18,109,2,0
2024-07-07,de,google,EUR,4.06,145,6,1
2024-07-07,de,meta,EUR,34.99,5019,80,0
2024-07-07,de,organic,EUR,0.00,0,0,0
2024-07-07,fr,direct,EUR,0.00,0,0,0
2024-07-07,fr,email,EUR,0.18,137,2,0
2024-07-07,fr,google,EUR,1.88,75,2,1
2024-07-07,fr,meta,EUR,21.12,2147,48,2
2024-07-07,fr,organic,EUR,0.00,0,0,1
2024-07-08,at,direct,EUR,0.00,0,0,0
2024-07-08,at,email,EUR,0.06,40,0,0
2024-07-08,at,google,EUR,0.84,29,1,0
2024-07-08,at,meta,EUR,3.72,379,3,0
2024-07-08,at,organic,EUR,0.00,0,0,0
2024-07-08,de,direct,EUR,0.00,0,0,0
2024-07-08,de,email,EUR,0.27,178,8,0
2024-07-08,de,google,EUR,6.08,257,15,0
2024-07-08,de,meta,EUR,35.24,5833,94,0
2024-07-08,de,organic,EUR,0.00,0,0,1
2024-07-08,fr,direct,EUR,0.00,0,0,0
2024-07-08,fr,email,EUR,0.22,200,11,0
2024-07-08,fr,google,EUR,3.22,94,4,0
2024-07-08,fr,meta,EUR,16.51,1526,17,0
2024-07-08,fr,organic,EUR,0.00,0,0,0
2024-07-09,at,direct,EUR,0.00,0,0,0
2024-07-09,at,email,EUR,0.04,34,1,0
2024-07-09,at,google,EUR,0.25,11,1,0
2024-07-09,at,meta,EUR,3.44,355,3,0
2024-07-09,at,organic,EUR,0.00,0,0,0
2024-07-09,de,direct,EUR,0.00,0,0,1
2024-07-09,de,email,EUR,0.41,209,7,0
2024-07-09,de,google,EUR,5.23,181,11,1
2024-07-09,de,meta,EUR,35.08,4565,66,1
2024-07-09,de,organic,EUR,0.00,0,0,2
2024-07-09,fr,direct,EUR,0.00,0,0,0
2024-07-09,fr,email,EUR,0.34,321,7,0
2024-07-09,fr,google,EUR,2.16,75,2,0
2024-07-09,fr,meta,EUR,31.37,2980,28,0
2024-07-09,fr,organic,EUR,0.00,0,0,0
2024-07-10,at,direct,EUR,0.00,0,0,0
2024-07-10,at,email,EUR,0.04,37,1,0
2024-07-10,at,google,EUR,0.55,19,0,0
2024-07-10,at,meta,EUR,10.48,1027,18,0
2024-07-10,at,organic,EUR,0.00,0,0,0
2024-07-10,de,direct,EUR,0.00,0,0,0
2024-07-10,de,email,EUR,0.38,259,10,0
2024-07-10,de,google,EUR,3.71,147,9,0
2024-07-10,de,meta,EUR,41.75,5238,88,0
2024-07-10,de,organic,EUR,0.00,0,0,0
2024-07-10,fr,direct,EUR,0.00,0,0,0
2024-07-10,fr,email,EUR,0.35,394,12,0
2024-07-10,fr,google,EUR,3.02,166,5,0
2024-07-10,fr,meta,EUR,21.92,2823,21,0
2024-07-10,fr,organic,EUR,0.00,0,0,0
2024-07-11,at,direct,EUR,0.00,0,0,0
2024-07-11,at,email,EUR,0.07,39,1,0
2024-07-11,at,google,EUR,0.92,41,1,0
2024-07-11,at,meta,EUR,6.86,818,18,0
2024-07-11,at,organic,EUR,0.00,0,0,0
2024-07-11,de,direct,EUR,0.00,0,0,0
2024-07-11,de,email,EUR,0.19,139,3,0
2024-07-11,de,google,EUR,6.78,200,9,0
2024-07-11,de,meta,EUR,36.45,5148,80,1
2024-07-11,de,organic,EUR,0.00,0,0,0
2024-07-11,fr,direct,EUR,0.00,0,0,1
2024-07-11,fr,email,EUR,0.26,235,7,0
2024-07-11,fr,google,EUR,2.72,95,2,0
2024-07-11,fr,meta,EUR,17.48,1710,19,0
2024-07-11,fr,organic,EUR,0.00,0,0,0
2024-07-12,at,direct,EUR,0.00,0,0,0
2024-07-12,at,email,EUR,0.07,76,1,0
2024-07-12,at,google,EUR,0.67,19,0,0
2024-07-12,at,meta,EUR,5.28,517,4,0
2024-07-12,at,organic,EUR,0.00,0,0,0
2024-07-12,de,direct,EUR,0.00,0,0,1
2024-07-12,de,email,EUR,0.28,223,12,0
2024-07-12,de,google,EUR,6.30,187,3,0
2024-07-12,de,meta,EUR,46.56,4244,49,1
2024-07-12,de,organic,EUR,0.00,0,0,1
2024-07-12,fr,direct,EUR,0.00,0,0,0
2024-07-12,fr,email,EUR,0.18,99,6,0
2024-07-12,fr,google,EUR,5.36,187,10,0
2024-07-12,fr,meta,EUR,22.93,2172,35,2
2024-07-12,fr,organic,EUR,0.00,0,0,1
2024-07-13,at,direct,EUR,0.00,0,0,0
2024-07-13,at,email,EUR,0.08,67,5,0
2024-07-13,at,google,EUR,0.50,14,2,0
2024-07-13,at,meta,EUR,8.94,1099,21,0
2024-07-13,at,organic,EUR,0.00,0,0,0
2024-07-13,de,direct,EUR,0.00,0,0,0
2024-07-13,de,email,EUR,0.24,145,5,0
2024-07-13,de,google,EUR,13.82,425,24,2
2024-07-13,de,meta,EUR,50.29,7082,67,1
2024-07-13,de,organic,EUR,0.00,0,0,0
2024-07-13,fr,direct,EUR,0.00,0,0,0
2024-07-13,fr,email,EUR,0.42,228,12,0
2024-07-13,fr,google,EUR,3.52,134,6,0
2024-07-13,fr,meta,EUR,37.45,3249,51,0
2024-07-13,fr,organic,EUR,0.00,0,0,0
2024-07-14,at,direct,EUR,0.00,0,0,0
2024-07-14,at,email,EUR,0.06,32,0,0
2024-07-14,at,google,EUR,0.39,13,1,0
2024-07-14,at,meta,EUR,5.25,766,8,0
2024-07-14,at,organic,EUR,0.00,0,0,0
2024-07-14,de,direct,EUR,0.00,0,0,0
2024-07-14,de,email,EUR,0.20,176,3,0
2024-07-14,de,google,EUR,6.83,291,8,0
2024-07-14,de,meta,EUR,29.27,2961,32,0
2024-07-14,de,organic,EUR,0.00,0,0,0
2024-07-14,fr,direct,EUR,0.00,0,0,0
2024-07-14,fr,email,EUR,0.20,116,4,0
2024-07-14,fr,google,EUR,3.20,107,8,0
2024-07-14,fr,meta,EUR,15.83,1728,13,1
2024-07-14,fr,organic,EUR,0.00,0,0,0
2024-07-15,at,direct,EUR,0.00,0,0,0
2024-07-15,at,email,EUR,0.07,56,4,0
2024-07-15,at,google,EUR,0.80,37,6,0
2024-07-15,at,meta,EUR,8.45,870,15,0
2024-07-15,at,organic,EUR,0.00,0,0,0
2024-07-15,de,direct,EUR,0.00,0,0,0
2024-07-15,de,email,EUR,0.39,327,5,0
2024-07-15,de,google,EUR,5.99,271,14,0
2024-07-15,de,meta,EUR,28.64,2623,29,1
2024-07-15,de,organic,EUR,0.00,0,0,0
2024-07-15,fr,direct,EUR,0.00,0,0,0
2024-07-15,fr,email,EUR,0.35,410,10,0
2024-07-15,fr,google,EUR,1.93,59,4,2
2024-07-15,fr,meta,EUR,26.25,4222,66,0
2024-07-15,fr,organic,EUR,0.00,0,0,0
2024-07-16,at,direct,EUR,0.00,0,0,0
2024-07-16,at,email,EUR,0.09,52,2,0
2024-07-16,at,google,EUR,0.35,18,0,0
2024-07-16,at,meta,EUR,3.11,260,2,0
2024-07-16,at,organic,EUR,0.00,0,0,0
2024-07-16,de,direct,EUR,0.00,0,0,0
2024-07-16,de,email,EUR,0.17,139,3,0
2024-07-16,de,google,EUR,5.51,187,5,0
2024-07-16,de,meta,EUR,51.12,4477,71,1
2024-07-16,de,organic,EUR,0.00,0,0,0
2024-07-16,fr,direct,EUR,0.00,0,0,0
2024-07-16,fr,email,EUR,0.24,120,7,0
2024-07-16,fr,google,EUR,3.43,178,3,0
2024-07-16,fr,meta,EUR,17.27,1541,21,1
2024-07-16,fr,organic,EUR,0.00,0,0,0
2024-07-17,at,direct,EUR,0.00,0,0,0
2024-07-17,at,email,EUR,0.05,25,0,0
2024-07-17,at,google,EUR,0.92,32,0,0
2024-07-17,at,meta,EUR,4.81,475,8,0
2024-07-17,at,organic,EUR,0.00,0,0,0
2024-07-17,de,direct,EUR,0.00,0,0,0
2024-07-17,de,email,EUR,0.17,92,5,0
2024-07-17,de,google,EUR,5.65,272,14,0
2024-07-17,de,meta,EUR,29.46,3710,68,0
2024-07-17,de,organic,EUR,0.00,0,0,0
2024-07-17,fr,direct,EUR,0.00,0,0,0
2024-07-17,fr,email,EUR,0.23,165,5,0
2024-07-17,fr,google,EUR,2.42,84,5,0
2024-07-17,fr,meta,EUR,17.43,1761,25,1
2024-07-17,fr,organic,EUR,0.00,0,0,0
2024-07-18,at,direct,EUR,0.00,0,0,0
2024-07-18,at,email,EUR,0.05,35,1,0
2024-07-18,at,google,EUR,0.66,31,3,1
2024-07-18,at,meta,EUR,4.67,509,10,0
2024-07-18,at,organic,EUR,0.00,0,0,0
2024-07-18,de,direct,EUR,0.00,0,0,0
2024-07-18,de,email,EUR,0.22,224,15,0
2024-07-18,de,google,EUR,4.10,219,9,1
2024-07-18,de,meta,EUR,39.38,4638,68,1
2024-07-18,de,organic,EUR,0.00,0,0,2
2024-07-18,fr,direct,EUR,0.00,0,0,0
2024-07-18,fr,email,EUR,0.34,185,4,0
2024-07-18,fr,google,EUR,3.15,171,6,0
2024-07-18,fr,meta,EUR,27.53,3280,36,0
2024-07-18,fr,organic,EUR,0.00,0,0,0
2024-07-19,at,direct,EUR,0.00,0,0,0
2024-07-19,at,email,EUR,0.06,68,2,0
2024-07-19,at,google,EUR,0.51,21,1,0
2024-07-19,at,meta,EUR,3.23,420,4,0
2024-07-19,at,organic,EUR,0.00,0,0,0
2024-07-19,de,direct,EUR,0.00,0,0,0
2024-07-19,de,email,EUR,0.33,194,5,0
2024-07-19,de,google,EUR,3.58,138,5,0
2024-07-19,de,meta,EUR,43.11,6272,50,0
2024-07-19,de,organic,EUR,0.00,0,0,0
2024-07-19,fr,direct,EUR,0.00,0,0,0
2024-07-19,fr,email,EUR,0.72,367,5,0
2024-07-19,fr,google,EUR,7.54,267,13,1
2024-07-19,fr,meta,EUR,18.90,2760,43,3
2024-07-19,fr,organic,EUR,0.00,0,0,0
2024-07-20,at,direct,EUR,0.00,0,0,0
2024-07-20,at,email,EUR,0.09,50,2,0
2024-07-20,at,google,EUR,0.65,35,6,0
2024-07-20,at,meta,EUR,8.45,844,20,0
2024-07-20,at,organic,EUR,0.00,0,0,0
2024-07-20,de,direct,EUR,0.00,0,0,0
2024-07-20,de,email,EUR,0.38,451,2,0
2024-07-20,de,google,EUR,4.89,190,10,0
2024-07-20,de,meta,EUR,33.41,3320,43,1
2024-07-20,de,organic,EUR,0.00,0,0,0
2024-07-20,fr,direct,EUR,0.00,0,0,0
2024-07-20,fr,email,EUR,0.47,234,4,0
2024-07-20,fr,google,EUR,5.42,263,15,0
2024-07-20,fr,meta,EUR,33.12,3352,21,0
2024-07-20,fr,organic,EUR,0.00,0,0,0
2024-07-21,at,direct,EUR,0.00,0,0,0
2024-07-21,at,email,EUR,0.08,50,2,0
2024-07-21,at,google,EUR,0.40,18,1,0
2024-07-21,at,meta,EUR,3.94,333,3,0
2024-07-21,at,organic,EUR,0.00,0,0,0
2024-07-21,de,direct,EUR,0.00,0,0,0
2024-07-21,de,email,EUR,0.25,210,9,0
2024-07-21,de,google,EUR,4.35,166,3,0
2024-07-21,de,meta,EUR,21.88,3472,69,0
2024-07-21,de,organic,EUR,0.00,0,0,0
2024-07-21,fr,direct,EUR,0.00,0,0,0
2024-07-21,fr,email,EUR,0.27,220,8,0
2024-07-21,fr,google,EUR,2.74,117,9,0
2024-07-21,fr,meta,EUR,19.99,2127,32,0
2024-07-21,fr,organic,EUR,0.00,0,0,0
2024-07-22,at,direct,EUR,0.00,0,0,0
2024-07-22,at,email,EUR,0.05,34,2,0
2024-07-22,at,google,EUR,0.77,32,1,0
2024-07-22,at,meta,EUR,5.85,579,6,0
2024-07-22,at,organic,EUR,0.00,0,0,0
2024-07-22,de,direct,EUR,0.00,0,0,0
2024-07-22,de,email,EUR,0.35,396,7,0
2024-07-22,de,google,EUR,2.57,79,7,0
2024-07-22,de,meta,EUR,27.52,2723,63,0
2024-07-22,de,organic,EUR,0.00,0,0,0
2024-07-22,fr,direct,EUR,0.00,0,0,0
2024-07-22,fr,email,EUR,0.32,213,1,0
2024-07-22,fr,google,EUR,8.15,336,23,1
2024-07-22,fr,meta,EUR,15.19,2015,39,0
2024-07-22,fr,organic,EUR,0.00,0,0,0
2024-07-23,at,direct,EUR,0.00,0,0,0
2024-07-23,at,email,EUR,0.03,36,1,0
2024-07-23,at,google,EUR,0.78,34,1,0
2024-07-23,at,meta,EUR,10.04,921,10,0
2024-07-23,at,organic,EUR,0.00,0,0,0
2024-07-23,de,direct,EUR,0.00,0,0,0
2024-07-23,de,email,EUR,0.15,97,0,0
2024-07-23,de,google,EUR,4.34,129,6,0
2024-07-23,de,meta,EUR,27.86,2495,40,0
2024-07-23,de,organic,EUR,0.00,0,0,0
2024-07-23,fr,direct,EUR,0.00,0,0,1
2024-07-23,fr,email,EUR,0.18,148,5,0
2024-07-23,fr,google,EUR,2.50,132,8,0
2024-07-23,fr,meta,EUR,20.39,2265,37,0
2024-07-23,fr,organic,EUR,0.00,0,0,0
2024-07-24,at,direct,EUR,0.00,0,0,0
2024-07-24,at,email,EUR,0.04,28,1,0
2024-07-24,at,google,EUR,0.39,11,0,0
2024-07-24,at,meta,EUR,4.68,506,11,0
2024-07-24,at,organic,EUR,0.00,0,0,0
2024-07-24,de,direct,EUR,0.00,0,0,0
2024-07-24,de,email,EUR,0.39,219,6,0
2024-07-24,de,google,EUR,5.00,245,19,0
2024-07-24,de,meta,EUR,21.95,1925,22,1
2024-07-24,de,organic,EUR,0.00,0,0,0
2024-07-24,fr,direct,EUR,0.00,0,0,0
2024-07-24,fr,email,EUR,0.23,241,8,0
2024-07-24,fr,google,EUR,4.92,188,9,0
2024-07-24,fr,meta,EUR,18.60,1867,28,0
2024-07-24,fr,organic,EUR,0.00,0,0,0
2024-07-25,at,direct,EUR,0.00,0,0,0
2024-07-25,at,email,EUR,0.06,34,0,0
2024-07-25,at,google,EUR,0.60,22,1,1
2024-07-25,at,meta,EUR,4.73,691,17,0
2024-07-25,at,organic,EUR,0.00,0,0,0
2024-07-25,de,direct,EUR,0.00,0,0,0
2024-07-25,de,email,EUR,0.25,165,10,0
2024-07-25,de,google,EUR,5.20,188,8,0
2024-07-25,de,meta,EUR,28.80,2507,32,0
2024-07-25,de,organic,EUR,0.00,0,0,1
2024-07-25,fr,direct,EUR,0.00,0,0,0
2024-07-25,fr,email,EUR,0.15,90,6,0
2024-07-25,fr,google,EUR,2.26,75,8,1
2024-07-25,fr,meta,EUR,25.08,4022,68,0
2024-07-25,fr,organic,EUR,0.00,0,0,0
2024-07-26,at,direct,EUR,0.00,0,0,0
2024-07-26,at,email,EUR,0.07,35,2,0
2024-07-26,at,google,EUR,0.57,18,0,0
2024-07-26,at,meta,EUR,6.04,903,18,0
2024-07-26,at,organic,EUR,0.00,0,0,0
2024-07-26,de,direct,EUR,0.00,0,0,2
2024-07-26,de,email,EUR,0.38,246,6,0
2024-07-26,de,google,EUR,4.94,192,17,0
2024-07-26,de,meta,EUR,41.24,4505,82,0
2024-07-26,de,organic,EUR,0.00,0,0,0
2024-07-26,fr,direct,EUR,0.00,0,0,0
2024-07-26,fr,email,EUR,0.59,381,7,0
2024-07-26,fr,google,EUR,3.61,169,5,0
2024-07-26,fr,meta,EUR,43.28,5065,89,0
2024-07-26,fr,organic,EUR,0.00,0,0,0
2024-07-27,at,direct,EUR,0.00,0,0,0
2024-07-27,at,email,EUR,0.07,72,0,0
2024-07-27,at,google,EUR,1.14,37,1,0
2024-07-27,at,meta,EUR,8.26,712,8,0
2024-07-27,at,organic,EUR,0.00,0,0,0
2024-07-27,de,direct,EUR,0.00,0,0,1
2024-07-27,de,email,EUR,0.21,191,8,0
2024-07-27,de,google,EUR,5.73,168,7,0
2024-07-27,de,meta,EUR,58.65,9081,105,0
2024-07-27,de,organic,EUR,0.00,0,0,0
2024-07-27,fr,direct,EUR,0.00,0,0,0
2024-07-27,fr,email,EUR,0.59,339,5,0
2024-07-27,fr,google,EUR,2.73,129,6,0
2024-07-27,fr,meta,EUR,23.16,3636,55,0
2024-07-27,fr,organic,EUR,0.00,0,0,0
2024-07-28,at,direct,EUR,0.00,0,0,0
2024-07-28,at,email,EUR,0.06,37,2,0
2024-07-28,at,google,EUR,0.36,11,0,0
2024-07-28,at,meta,EUR,3.60,329,4,0
2024-07-28,at,organic,EUR,0.00,0,0,0
2024-07-28,de,direct,EUR,0.00,0,0,0
2024-07-28,de,email,EUR,0.22,248,3,0
2024-07-28,de,google,EUR,7.40,320,40,0
2024-07-28,de,meta,EUR,32.92,4798,111,1
2024-07-28,de,organic,EUR,0.00,0,0,0
2024-07-28,fr,direct,EUR,0.00,0,0,0
2024-07-28,fr,email,EUR,0.29,192,2,0
2024-07-28,fr,google,EUR,3.07,92,1,0
2024-07-28,fr,meta,EUR,21.11,2778,38,0
2024-07-28,fr,organic,EUR,0.00,0,0,0
2024-07-29,at,direct,EUR,0.00,0,0,0
2024-07-29,at,email,EUR,0.06,44,2,0
2024-07-29,at,google,EUR,0.96,35,0,0
2024-07-29,at,meta,EUR,3.88,346,6,0
2024-07-29,at,organic,EUR,0.00,0,0,0
2024-07-29,de,direct,EUR,0.00,0,0,0
2024-07-29,de,email,EUR,0.26,138,2,0
2024-07-29,de,google,EUR,5.91,209,16,0
2024-07-29,de,meta,EUR,14.03,2142,22,0
2024-07-29,de,organic,EUR,0.00,0,0,0
2024-07-29,fr,direct,EUR,0.00,0,0,0
2024-07-29,fr,email,EUR,0.30,268,5,0
2024-07-29,fr,google,EUR,3.18,119,5,0
2024-07-29,fr,meta,EUR,19.89,3121,37,0
2024-07-29,fr,organic,EUR,0.00,0,0,0
2024-07-30,at,direct,EUR,0.00,0,0,0
2024-07-30,at,email,EUR,0.09,48,4,0
2024-07-30,at,google,EUR,0.62,28,2,0
2024-07-30,at,meta,EUR,6.79,759,5,0
2024-07-30,at,organic,EUR,0.00,0,0,0
2024-07-30,de,direct,EUR,0.00,0,0,0
2024-07-30,de,email,EUR,0.36,414,5,0
2024-07-30,de,google,EUR,4.32,125,7,1
2024-07-30,de,meta,EUR,39.15,6401,71,0
2024-07-30,de,organic,EUR,0.00,0,0,0
2024-07-30,fr,direct,EUR,0.00,0,0,0
2024-07-30,fr,email,EUR,0.19,199,7,0
2024-07-30,fr,google,EUR,3.01,121,4,1
2024-07-30,fr,meta,EUR,20.99,2867,41,0
2024-07-30,fr,organic,EUR,0.00,0,0,0
2024-07-31,at,direct,EUR,0.00,0,0,0
2024-07-31,at,email,EUR,0.06,30,1,0
2024-07-31,at,google,EUR,0.46,18,1,0
2024-07-31,at,meta,EUR,5.83,857,15,0
2024-07-31,at,organic,EUR,0.00,0,0,0
2024-07-31,de,direct,EUR,0.00,0,0,0
2024-07-31,de,email,EUR,0.17,87,0,0
2024-07-31,de,google,EUR,5.27,215,11,1
2024-07-31,de,meta,EUR,28.76,2630,27,0
2024-07-31,de,organic,EUR,0.00,0,0,1
2024-07-31,fr,direct,EUR,0.00,0,0,0
2024-07-31,fr,email,EUR,0.30,153,1,0
2024-07-31,fr,google,EUR,4.81,139,5,0
2024-07-31,fr,meta,EUR,20.87,2791,41,1
2024-07-31,fr,organic,EUR,0.00,0,0,0
2024-08-01,at,direct,EUR,0.00,0,0,0
2024-08-01,at,email,EUR,0.05,43,2,0
2024-08-01,at,google,EUR,0.50,17,1,0
2024-08-01,at,meta,EUR,2.62,430,4,0
2024-08-01,at,organic,EUR,0.00,0,0,0
2024-08-01,de,direct,EUR,0.00,0,0,0
2024-08-01,de,email,EUR,0.25,131,4,0
2024-08-01,de,google,EUR,4.95,155,8,0
2024-08-01,de,meta,EUR,36.17,3121,44,0
2024-08-01,de,organic,EUR,0.00,0,0,0
2024-08-01,fr,direct,EUR,0.00,0,0,1
2024-08-01,fr,email,EUR,0.50,317,15,0
2024-08-01,fr,google,EUR,2.72,95,2,0
2024-08-01,fr,meta,EUR,15.75,1398,27,1
2024-08-01,fr,organic,EUR,0.00,0,0,0
2024-08-02,at,direct,EUR,0.00,0,0,0
2024-08-02,at,email,EUR,0.08,64,3,0
2024-08-02,at,google,EUR,0.52,17,0,0
2024-08-02,at,meta,EUR,3.64,323,5,0
2024-08-02,at,organic,EUR,0.00,0,0,1
2024-08-02,de,direct,EUR,0.00,0,0,0
2024-08-02,de,email,EUR,0.20,136,2,0
2024-08-02,de,google,EUR,4.32,208,11,0
2024-08-02,de,meta,EUR,34.19,4182,87,0
2024-08-02,de,organic,EUR,0.00,0,0,0
2024-08-02,fr,direct,EUR,0.00,0,0,0
2024-08-02,fr,email,EUR,0.33,268,6,0
2024-08-02,fr,google,EUR,3.86,115,9,0
2024-08-02,fr,meta,EUR,24.49,2192,30,1
2024-08-02,fr,organic,EUR,0.00,0,0,0
2024-08-03,at,direct,EUR,0.00,0,0,0
2024-08-03,at,email,EUR,0.05,28,0,0
2024-08-03,at,google,EUR,0.48,14,1,0
2024-08-03,at,meta,EUR,8.69,736,13,0
2024-08-03,at,organic,EUR,0.00,0,0,0
2024-08-03,de,direct,EUR,0.00,0,0,0
2024-08-03,de,email,EUR,0.34,187,11,0
2024-08-03,de,google,EUR,4.55,156,9,3
2024-08-03,de,meta,EUR,34.14,4030,45,0
2024-08-03,de,organic,EUR,0.00,0,0,0
2024-08-03,fr,direct,EUR,0.00,0,0,0
2024-08-03,fr,email,EUR,0.28,160,11,0
2024-08-03,fr,google,EUR,4.72,220,12,0
2024-08-03,fr,meta,EUR,21.40,3033,44,0
2024-08-03,fr,organic,EUR,0.00,0,0,0
2024-08-04,at,direct,EUR,0.00,0,0,0
2024-08-04,at,email,EUR,0.06,52,4,0
2024-08-04,at,google,EUR,0.50,16,0,0
2024-08-04,at,meta,EUR,4.34,367,1,0
2024-08-04,at,organic,EUR,0.00,0,0,0
2024-08-04,de,direct,EUR,0.00,0,0,0
2024-08-04,de,email,EUR,0.25,128,6,0
2024-08-04,de,google,EUR,5.39,260,16,0
2024-08-04,de,meta,EUR,24.38,3057,27,1
2024-08-04,de,organic,EUR,0.00,0,0,0
2024-08-04,fr,direct,EUR,0.00,0,0,0
2024-08-04,fr,email,EUR,0.14,119,3,0
2024-08-04,fr,google,EUR,1.64,80,10,0
2024-08-04,fr,meta,EUR,12.36,1223,19,0
2024-08-04,fr,organic,EUR,0.00,0,0,0
2024-08-05,at,direct,EUR,0.00,0,0,0
2024-08-05,at,email,EUR,0.06,43,1,0
2024-08-05,at,google,EUR,0.37,12,0,0
2024-08-05,at,meta,EUR,3.36,403,9,0
2024-08-05,at,organic,EUR,0.00,0,0,0
2024-08-05,de,direct,EUR,0.00,0,0,0
2024-08-05,de,email,EUR,0.32,280,6,0
2024-08-05,de,google,EUR,3.85,150,7,0
2024-08-05,de,meta,EUR,27.40,3119,44,1
2024-08-05,de,organic,EUR,0.00,0,0,0
2024-08-05,fr,direct,EUR,0.00,0,0,0
2024-08-05,fr,email,EUR,0.39,311,14,0
2024-08-05,fr,google,EUR,2.25,113,6,0
2024-08-05,fr,meta,EUR,24.13,2715,42,1
2024-08-05,fr,organic,EUR,0.00,0,0,0
2024-08-06,at,direct,EUR,0.00,0,0,0
2024-08-06,at,email,EUR,0.06,36,1,0
2024-08-06,at,google,EUR,0.29,10,2,0
2024-08-06,at,meta,EUR,4.24,386,12,0
2024-08-06,at,organic,EUR,0.00,0,0,0
2024-08-06,de,direct,EUR,0.00,0,0,0
2024-08-06,de,email,EUR,0.20,110,2,1
2024-08-06,de,google,EUR,3.32,119,11,0
2024-08-06,de,meta,EUR,43.59,4869,51,0
2024-08-06,de,organic,EUR,0.00,0,0,0
2024-08-06,fr,direct,EUR,0.00,0,0,0
2024-08-06,fr,email,EUR,0.26,227,4,0
2024-08-06,fr,google,EUR,3.02,124,4,0
2024-08-06,fr,meta,EUR,19.35,2826,29,0
2024-08-06,fr,organic,EUR,0.00,0,0,0
2024-08-07,at,direct,EUR,0.00,0,0,0
2024-08-07,at,email,EUR,0.10,101,2,0
2024-08-07,at,google,EUR,0.53,28,1,0
2024-08-07,at,meta,EUR,4.71,576,16,0
2024-08-07,at,organic,EUR,0.00,0,0,0
2024-08-07,de,direct,EUR,0.00,0,0,0
2024-08-07,de,email,EUR,0.32,244,11,0
2024-08-07,de,google,EUR,4.79,183,11,0
2024-08-07,de,meta,EUR,30.47,3102,48,0
2024-08-07,de,organic,EUR,0.00,0,0,0
2024-08-07,fr,direct,EUR,0.00,0,0,0
2024-08-07,fr,email,EUR,0.17,120,3,0
2024-08-07,fr,google,EUR,3.78,168,9,0
2024-08-07,fr,meta,EUR,18.47,1895,39,0
2024-08-07,fr,organic,EUR,0.00,0,0,0
2024-08-08,at,direct,EUR,0.00,0,0,0
2024-08-08,at,email,EUR,0.05,44,1,0
2024-08-08,at,google,EUR,0.35,10,0,0
2024-08-08,at,meta,EUR,6.03,745,12,0
2024-08-08,at,organic,EUR,0.00,0,0,0
2024-08-08,de,direct,EUR,0.00,0,0,0
2024-08-08,de,email,EUR,0.38,233,2,0
2024-08-08,de,google,EUR,5.18,268,21,0
2024-08-08,de,meta,EUR,43.73,3741,40,0
2024-08-08,de,organic,EUR,0.00,0,0,0
2024-08-08,fr,direct,EUR,0.00,0,0,0
2024-08-08,fr,email,EUR,0.22,117,3,0
2024-08-08,fr,google,EUR,4.94,235,5,0
2024-08-08,fr,meta,EUR,30.45,3318,52,0
2024-08-08,fr,organic,EUR,0.00,0,0,0
2024-08-09,at,direct,EUR,0.00,0,0,0
2024-08-09,at,email,EUR,0.13,76,0,0
2024-08-09,at,google,EUR,0.53,25,3,0
2024-08-09,at,meta,EUR,3.50,356,5,0
2024-08-09,at,organic,EUR,0.00,0,0,0
2024-08-09,de,direct,EUR,0.00,0,0,0
2024-08-09,de,email,EUR,0.17,96,0,0
2024-08-09,de,google,EUR,3.01,102,3,0
2024-08-09,de,meta,EUR,45.52,5215,68,1
2024-08-09,de,organic,EUR,0.00,0,0,0
2024-08-09,fr,direct,EUR,0.00,0,0,0
2024-08-09,fr,email,EUR,0.22,109,3,0
2024-08-09,fr,google,EUR,3.28,134,3,0
2024-08-09,fr,meta,EUR,12.77,1067,9,0
2024-08-09,fr,organic,EUR,0.00,0,0,0
2024-08-10,at,direct,EUR,0.00,0,0,0
2024-08-10,at,email,EUR,0.07,43,2,0
2024-08-10,at,google,EUR,0.53,19,1,0
2024-08-10,at,meta,EUR,4.31,410,8,1
2024-08-10,at,organic,EUR,0.00,0,0,0
2024-08-10,de,direct,EUR,0.00,0,0,0
2024-08-10,de,email,EUR,0.35,392,15,1
2024-08-10,de,google,EUR,5.66,241,13,0
2024-08-10,de,meta,EUR,44.19,3803,36,0
2024-08-10,de,organic,EUR,0.00,0,0,1
2024-08-10,fr,direct,EUR,0.00,0,0,0
2024-08-10,fr,email,EUR,0.32,201,5,0
2024-08-10,fr,google,EUR,3.36,134,10,0
2024-08-10,fr,meta,EUR,34.19,2954,51,0
2024-08-10,fr,organic,EUR,0.00,0,0,0
2024-08-11,at,direct,EUR,0.00,0,0,0
2024-08-11,at,email,EUR,0.03,22,1,0
2024-08-11,at,google,EUR,0.37,19,2,0
2024-08-11,at,meta,EUR,4.18,372,5,0
2024-08-11,at,organic,EUR,0.00,0,0,0
2024-08-11,de,direct,EUR,0.00,0,0,0
2024-08-11,de,email,EUR,0.27,164,3,0
2024-08-11,de,google,EUR,5.16,207,22,1
2024-08-11,de,meta,EUR,14.71,2423,26,0
2024-08-11,de,organic,EUR,0.00,0,0,0
2024-08-11,fr,direct,EUR,0.00,0,0,1
2024-08-11,fr,email,EUR,0.25,232,4,0
2024-08-11,fr,google,EUR,1.97,68,2,0
2024-08-11,fr,meta,EUR,12.45,1045,17,0
2024-08-11,fr,organic,EUR,0.00,0,0,0
2024-08-12,at,direct,EUR,0.00,0,0,0
2024-08-12,at,email,EUR,0.06,50,3,0
2024-08-12,at,google,EUR,0.97,43,3,0
2024-08-12,at,meta,EUR,4.10,474,7,0
2024-08-12,at,organic,EUR,0.00,0,0,0
2024-08-12,de,direct,EUR,0.00,0,0,0
2024-08-12,de,email,EUR,0.20,147,4,1
2024-08-12,de,google,EUR,5.00,244,18,0
2024-08-12,de,meta,EUR,38.57,5542,50,1
2024-08-12,de,organic,EUR,0.00,0,0,0
2024-08-12,fr,direct,EUR,0.00,0,0,0
2024-08-12,fr,email,EUR,0.22,144,6,0
2024-08-12,fr,google,EUR,3.11,113,2,0
2024-08-12,fr,meta,EUR,18.96,2855,49,0
2024-08-12,fr,organic,EUR,0.00,0,0,0
2024-08-13,at,direct,EUR,0.00,0,0,0
2024-08-13,at,email,EUR,0.04,45,3,0
2024-08-13,at,google,EUR,0.57,29,2,0
2024-08-13,at,meta,EUR,5.30,819,12,0
2024-08-13,at,organic,EUR,0.00,0,0,0
2024-08-13,de,direct,EUR,0.00,0,0,0
2024-08-13,de,email,EUR,0.16,85,5,0
2024-08-13,de,google,EUR,9.00,327,18,0
2024-08-13,de,meta,EUR,25.38,2370,35,0
2024-08-13,de,organic,EUR,0.00,0,0,0
2024-08-13,fr,direct,EUR,0.00,0,0,0
2024-08-13,fr,email,EUR,0.34,285,10,0
2024-08-13,fr,google,EUR,2.72,92,8,0
2024-08-13,fr,meta,EUR,15.75,1493,12,0
2024-08-13,fr,organic,EUR,0.00,0,0,0
2024-08-14,at,direct,EUR,0.00,0,0,0
2024-08-14,at,email,EUR,0.05,30,0,0
2024-08-14,at,google,EUR,0.64,27,4,0
2024-08-14,at,meta,EUR,3.25,280,3,0
2024-08-14,at,organic,EUR,0.00,0,0,0
2024-08-14,de,direct,EUR,0.00,0,0,0
2024-08-14,de,email,EUR,0.32,163,9,0
2024-08-14,de,google,EUR,7.06,377,15,0
2024-08-14,de,meta,EUR,38.00,3320,35,0
2024-08-14,de,organic,EUR,0.00,0,0,0
2024-08-14,fr,direct,EUR,0.00,0,0,1
2024-08-14,fr,email,EUR,0.29,145,8,0
2024-08-14,fr,google,EUR,2.88,98,6,0
2024-08-14,fr,meta,EUR,14.99,2223,35,0
2024-08-14,fr,organic,EUR,0.00,0,0,1
2024-08-15,at,direct,EUR,0.00,0,0,0
2024-08-15,at,email,EUR,0.07,41,3,0
2024-08-15,at,google,EUR,0.36,15,0,0
2024-08-15,at,meta,EUR,5.38,600,7,0
2024-08-15,at,organic,EUR,0.00,0,0,0
2024-08-15,de,direct,EUR,0.00,0,0,0
2024-08-15,de,email,EUR,0.18,100,5,0
2024-08-15,de,google,EUR,7.72,226,7,1
2024-08-15,de,meta,EUR,23.58,3192,53,0
2024-08-15,de,organic,EUR,0.00,0,0,0
2024-08-15,fr,direct,EUR,0.00,0,0,0
2024-08-15,fr,email,EUR,0.40,252,5,0
2024-08-15,fr,google,EUR,3.13,137,8,0
2024-08-15,fr,meta,EUR,30.21,2993,46,0
2024-08-15,fr,organic,EUR,0.00,0,0,0
2024-08-16,at,direct,EUR,0.00,0,0,0
2024-08-16,at,email,EUR,0.08,85,1,0
2024-08-16,at,google,EUR,0.54,17,0,0
2024-08-16,at,meta,EUR,7.30,1082,9,0
2024-08-16,at,organic,EUR,0.00,0,0,1
2024-08-16,de,direct,EUR,0.00,0,0,0
2024-08-16,de,email,EUR,0.26,317,15,0
2024-08-16,de,google,EUR,12.59,531,20,1
2024-08-16,de,meta,EUR,24.06,3262,48,0
2024-08-16,de,organic,EUR,0.00,0,0,0
2024-08-16,fr,direct,EUR,0.00,0,0,0
2024-08-16,fr,email,EUR,0.29,149,3,0
2024-08-16,fr,google,EUR,4.13,159,9,0
2024-08-16,fr,meta,EUR,38.65,6260,101,0
2024-08-16,fr,organic,EUR,0.00,0,0,0
2024-08-17,at,direct,EUR,0.00,0,0,0
2024-08-17,at,email,EUR,0.06,51,2,0
2024-08-17,at,google,EUR,0.74,26,0,0
2024-08-17,at,meta,EUR,6.41,576,9,0
2024-08-17,at,organic,EUR,0.00,0,0,0
2024-08-17,de,direct,EUR,0.00,0,0,0
2024-08-17,de,email,EUR,0.28,205,7,0
2024-08-17,de,google,EUR,7.19,394,20,0
2024-08-17,de,meta,EUR,65.44,9954,176,0
2024-08-17,de,organic,EUR,0.00,0,0,0
2024-08-17,fr,direct,EUR,0.00,0,0,0
2024-08-17,fr,email,EUR,0.84,474,14,0
2024-08-17,fr,google,EUR,3.12,105,4,0
2024-08-17,fr,meta,EUR,21.84,2485,49,0
2024-08-17,fr,organic,EUR,0.00,0,0,0
2024-08-18,at,direct,EUR,0.00,0,0,0
2024-08-18,at,email,EUR,0.07,38,0,0
2024-08-18,at,google,EUR,0.36,14,0,0
2024-08-18,at,meta,EUR,4.01,425,6,0
2024-08-18,at,organic,EUR,0.00,0,0,0
2024-08-18,de,direct,EUR,0.00,0,0,0
2024-08-18,de,email,EUR,0.25,131,3,0
2024-08-18,de,google,EUR,4.18,162,7,0
2024-08-18,de,meta,EUR,18.86,1668,39,1
2024-08-18,de,organic,EUR,0.00,0,0,1
2024-08-18,fr,direct,EUR,0.00,0,0,0
2024-08-18,fr,email,EUR,0.20,144,3,0
2024-08-18,fr,google,EUR,2.03,59,2,0
2024-08-18,fr,meta,EUR,17.93,1656,33,0
2024-08-18,fr,organic,EUR,0.00,0,0,0
2024-08-19,at,direct,EUR,0.00,0,0,0
2024-08-19,at,email,EUR,0.08,46,2,0
2024-08-19,at,google,EUR,0.70,26,0,0
2024-08-19,at,meta,EUR,4.11,649,18,0
2024-08-19,at,organic,EUR,0.00,0,0,0
2024-08-19,de,direct,EUR,0.00,0,0,0
2024-08-19,de,email,EUR,0.18,93,1,0
2024-08-19,de,google,EUR,5.85,175,5,0
2024-08-19,de,meta,EUR,38.91,4835,100,0
2024-08-19,de,organic,EUR,0.00,0,0,0
2024-08-19,fr,direct,EUR,0.00,0,0,0
2024-08-19,fr,email,EUR,0.19,136,3,0
2024-08-19,fr,google,EUR,3.20,112,6,0
2024-08-19,fr,meta,EUR,18.11,2332,28,0
2024-08-19,fr,organic,EUR,0.00,0,0,0
2024-08-20,at,direct,EUR,0.00,0,0,0
2024-08-20,at,email,EUR,0.09,70,1,0
2024-08-20,at,google,EUR,0.39,11,0,0
2024-08-20,at,meta,EUR,3.47,360,7,0
2024-08-20,at,organic,EUR,0.00,0,0,0
2024-08-20,de,direct,EUR,0.00,0,0,1
2024-08-20,de,email,EUR,0.19,95,5,0
2024-08-20,de,google,EUR,3.90,147,7,1
2024-08-20,de,meta,EUR,30.17,2875,28,0
2024-08-20,de,organic,EUR,0.00,0,0,0
2024-08-20,fr,direct,EUR,0.00,0,0,0
2024-08-20,fr,email,EUR,0.20,187,4,1
2024-08-20,fr,google,EUR,1.20,38,2,0
2024-08-20,fr,meta,EUR,31.57,2755,57,0
2024-08-20,fr,organic,EUR,0.00,0,0,0
2024-08-21,at,direct,EUR,0.00,0,0,0
2024-08-21,at,email,EUR,0.07,59,3,0
2024-08-21,at,google,EUR,0.54,17,0,0
2024-08-21,at,meta,EUR,4.60,594,12,0
2024-08-21,at,organic,EUR,0.00,0,0,0
2024-08-21,de,direct,EUR,0.00,0,0,0
2024-08-21,de,email,EUR,0.25,147,8,0
2024-08-21,de,google,EUR,5.01,153,9,0
2024-08-21,de,meta,EUR,27.02,3465,31,1
2024-08-21,de,organic,EUR,0.00,0,0,2
2024-08-21,fr,direct,EUR,0.00,0,0,0
2024-08-21,fr,email,EUR,0.27,232,18,0
2024-08-21,fr,google,EUR,2.61,129,8,0
2024-08-21,fr,meta,EUR,10.49,1240,22,0
2024-08-21,fr,organic,EUR,0.00,0,0,0
2024-08-22,at,direct,EUR,0.00,0,0,0
2024-08-22,at,email,EUR,0.10,55,5,0
2024-08-22,at,google,EUR,0.51,16,1,0
2024-08-22,at,meta,EUR,7.06,713,7,0
2024-08-22,at,organic,EUR,0.00,0,0,0
2024-08-22,de,direct,EUR,0.00,0,0,0
2024-08-22,de,email,EUR,0.34,200,4,0
2024-08-22,de,google,EUR,4.11,151,10,1
2024-08-22,de,meta,EUR,31.15,4442,83,1
2024-08-22,de,organic,EUR,0.00,0,0,0
2024-08-22,fr,direct,EUR,0.00,0,0,0
2024-08-22,fr,email,EUR,0.17,121,1,0
2024-08-22,fr,google,EUR,2.28,84,5,0
2024-08-22,fr,meta,EUR,22.81,2352,19,2
2024-08-22,fr,organic,EUR,0.00,0,0,0
2024-08-23,at,direct,EUR,0.00,0,0,0
2024-08-23,at,email,EUR,0.04,22,1,0
2024-08-23,at,google,EUR,0.70,36,2,0
2024-08-23,at,meta,EUR,5.07,567,7,0
2024-08-23,at,organic,EUR,0.00,0,0,0
2024-08-23,de,direct,EUR,0.00,0,0,1
2024-08-23,de,email,EUR,0.54,325,3,0
2024-08-23,de,google,EUR,6.12,289,21,0
2024-08-23,de,meta,EUR,23.24,3641,76,0
2024-08-23,de,organic,EUR,0.00,0,0,0
2024-08-23,fr,direct,EUR,0.00,0,0,0
2024-08-23,fr,email,EUR,0.35,358,5,0
2024-08-23,fr,google,EUR,5.03,163,7,0
2024-08-23,fr,meta,EUR,17.81,1721,25,0
2024-08-23,fr,organic,EUR,0.00,0,0,0
2024-08-24,at,direct,EUR,0.00,0,0,0
2024-08-24,at,email,EUR,0.07,42,1,0
2024-08-24,at,google,EUR,0.58,26,1,0
2024-08-24,at,meta,EUR,4.24,373,7,0
2024-08-24,at,organic,EUR,0.00,0,0,0
2024-08-24,de,direct,EUR,0.00,0,0,0
2024-08-24,de,email,EUR,0.18,109,1,0
2024-08-24,de,google,EUR,4.71,138,10,0
2024-08-24,de,meta,EUR,36.02,3626,26,0
2024-08-24,de,organic,EUR,0.00,0,0,0
2024-08-24,fr,direct,EUR,0.00,0,0,0
2024-08-24,fr,email,EUR,0.19,189,2,0
2024-08-24,fr,google,EUR,3.23,94,4,0
2024-08-24,fr,meta,EUR,11.51,1476,14,0
2024-08-24,fr,organic,EUR,0.00,0,0,0
2024-08-25,at,direct,EUR,0.00,0,0,0
2024-08-25,at,email,EUR,0.04,32,1,0
2024-08-25,at,google,EUR,0.45,21,0,0
2024-08-25,at,meta,EUR,3.32,447,2,0
2024-08-25,at,organic,EUR,0.00,0,0,0
2024-08-25,de,direct,EUR,0.00,0,0,0
2024-08-25,de,email,EUR,0.22,196,5,0
2024-08-25,de,google,EUR,3.24,95,8,0
2024-08-25,de,meta,EUR,18.17,2000,18,0
2024-08-25,de,organic,EUR,0.00,0,0,0
2024-08-25,fr,direct,EUR,0.00,0,0,0
2024-08-25,fr,email,EUR,0.24,137,3,0
2024-08-25,fr,google,EUR,2.17,77,5,0
2024-08-25,fr,meta,EUR,14.55,2110,33,1
2024-08-25,fr,organic,EUR,0.00,0,0,0
2024-08-26,at,direct,EUR,0.00,0,0,0
2024-08-26,at,email,EUR,0.06,44,4,0
2024-08-26,at,google,EUR,0.50,20,0,0
2024-08-26,at,meta,EUR,4.49,691,9,0
2024-08-26,at,organic,EUR,0.00,0,0,0
2024-08-26,de,direct,EUR,0.00,0,0,0
2024-08-26,de,email,EUR,0.16,195,10,0
2024-08-26,de,google,EUR,4.94,152,6,0
2024-08-26,de,meta,EUR,24.50,3486,48,0
2024-08-26,de,organic,EUR,0.00,0,0,0
2024-08-26,fr,direct,EUR,0.00,0,0,0
2024-08-26,fr,email,EUR,0.17,156,2,0
2024-08-26,fr,google,EUR,2.77,108,2,0
2024-08-26,fr,meta,EUR,30.99,3624,28,0
2024-08-26,fr,organic,EUR,0.00,0,0,0
2024-08-27,at,direct,EUR,0.00,0,0,0
2024-08-27,at,email,EUR,0.05,35,2,0
2024-08-27,at,google,EUR,0.45,22,0,0
2024-08-27,at,meta,EUR,3.99,346,5,0
2024-08-27,at,organic,EUR,0.00,0,0,0
2024-08-27,de,direct,EUR,0.00,0,0,0
2024-08-27,de,email,EUR,0.31,383,14,0
2024-08-27,de,google,EUR,4.42,241,10,0
2024-08-27,de,meta,EUR,38.44,4160,62,0
2024-08-27,de,organic,EUR,0.00,0,0,0
2024-08-27,fr,direct,EUR,0.00,0,0,0
2024-08-27,fr,email,EUR,0.24,203,4,0
2024-08-27,fr,google,EUR,2.49,96,5,0
2024-08-27,fr,meta,EUR,15.43,1597,19,0
2024-08-27,fr,organic,EUR,0.00,0,0,0
2024-08-28,at,direct,EUR,0.00,0,0,0
2024-08-28,at,email,EUR,0.06,74,3,0
2024-08-28,at,google,EUR,0.68,20,0,0
2024-08-28,at,meta,EUR,5.43,533,5,0
2024-08-28,at,organic,EUR,0.00,0,0,0
2024-08-28,de,direct,EUR,0.00,0,0,0
2024-08-28,de,email,EUR,0.18,113,1,0
2024-08-28,de,google,EUR,2.72,147,10,0
2024-08-28,de,meta,EUR,33.08,4481,84,0
2024-08-28,de,organic,EUR,0.00,0,0,0
2024-08-28,fr,direct,EUR,0.00,0,0,0
2024-08-28,fr,email,EUR,0.34,386,6,0
2024-08-28,fr,google,EUR,2.77,81,2,0
2024-08-28,fr,meta,EUR,25.07,2761,28,0
2024-08-28,fr,organic,EUR,0.00,0,0,0
2024-08-29,at,direct,EUR,0.00,0,0,0
2024-08-29,at,email,EUR,0.11,118,2,0
2024-08-29,at,google,EUR,0.65,26,1,0
2024-08-29,at,meta,EUR,5.66,688,9,0
2024-08-29,at,organic,EUR,0.00,0,0,0
2024-08-29,de,direct,EUR,0.00,0,0,0
2024-08-29,de,email,EUR,0.21,105,2,0
2024-08-29,de,google,EUR,3.23,152,7,0
2024-08-29,de,meta,EUR,20.24,1917,33,1
2024-08-29,de,organic,EUR,0.00,0,0,1
2024-08-29,fr,direct,EUR,0.00,0,0,0
2024-08-29,fr,email,EUR,0.58,334,7,0
2024-08-29,fr,google,EUR,3.32,102,5,0
2024-08-29,fr,meta,EUR,29.18,4345,40,0
2024-08-29,fr,organic,EUR,0.00,0,0,0
2024-08-30,at,direct,EUR,0.00,0,0,0
2024-08-30,at,email,EUR,0.07,53,0,0
2024-08-30,at,google,EUR,0.64,24,2,0
2024-08-30,at,meta,EUR,6.87,872,14,1
2024-08-30,at,organic,EUR,0.00,0,0,0
2024-08-30,de,direct,EUR,0.00,0,0,1
2024-08-30,de,email,EUR,0.23,191,10,0
2024-08-30,de,google,EUR,3.85,165,10,0
2024-08-30,de,meta,EUR,44.32,6802,68,1
2024-08-30,de,organic,EUR,0.00,0,0,0
2024-08-30,fr,direct,EUR,0.00,0,0,0
2024-08-30,fr,email,EUR,0.23,118,3,0
2024-08-30,fr,google,EUR,3.09,153,9,1
2024-08-30,fr,meta,EUR,22.06,2908,42,0
2024-08-30,fr,organic,EUR,0.00,0,0,0
2024-08-31,at,direct,EUR,0.00,0,0,0
2024-08-31,at,email,EUR,0.08,53,1,0
2024-08-31,at,google,EUR,0.61,28,1,0
2024-08-31,at,meta,EUR,8.49,1318,17,0
2024-08-31,at,organic,EUR,0.00,0,0,0
2024-08-31,de,direct,EUR,0.00,0,0,0
2024-08-31,de,email,EUR,0.28,144,3,0
2024-08-31,de,google,EUR,4.39,137,10,2
2024-08-31,de,meta,EUR,36.10,4539,69,0
2024-08-31,de,organic,EUR,0.00,0,0,0
2024-08-31,fr,direct,EUR,0.00,0,0,0
2024-08-31,fr,email,EUR,0.32,378,16,0
2024-08-31,fr,google,EUR,3.25,137,8,0
2024-08-31,fr,meta,EUR,24.19,2075,37,0
2024-08-31,fr,organic,EUR,0.00,0,0,0
2024-09-01,at,direct,EUR,0.00,0,0,0
2024-09-01,at,email,EUR,0.04,23,1,0
2024-09-01,at,google,EUR,0.51,19,1,0
2024-09-01,at,meta,EUR,4.34,662,19,0
2024-09-01,at,organic,EUR,0.00,0,0,0
2024-09-01,de,direct,EUR,0.00,0,0,0
2024-09-01,de,email,EUR,0.18,99,4,0
2024-09-01,de,google,EUR,3.77,142,7,0
2024-09-01,de,meta,EUR,17.87,1610,22,0
2024-09-01,de,organic,EUR,0.00,0,0,0
2024-09-01,fr,direct,EUR,0.00,0,0,0
2024-09-01,fr,email,EUR,0.16,108,4,0
2024-09-01,fr,google,EUR,1.58,56,3,0
2024-09-01,fr,meta,EUR,8.10,1107,11,0
2024-09-01,fr,organic,EUR,0.00,0,0,0
2024-09-02,at,direct,EUR,0.00,0,0,0
2024-09-02,at,email,EUR,0.05,31,1,1
2024-09-02,at,google,EUR,0.41,22,2,0
2024-09-02,at,meta,EUR,2.67,400,2,0
2024-09-02,at,organic,EUR,0.00,0,0,0
2024-09-02,de,direct,EUR,0.00,0,0,0
2024-09-02,de,email,EUR,0.21,120,5,0
2024-09-02,de,google,EUR,3.90,135,7,0
2024-09-02,de,meta,EUR,28.87,3639,47,1
2024-09-02,de,organic,EUR,0.00,0,0,1
2024-09-02,fr,direct,EUR,0.00,0,0,0
2024-09-02,fr,email,EUR,0.16,105,2,0
2024-09-02,fr,google,EUR,1.67,65,5,0
2024-09-02,fr,meta,EUR,12.01,1240,10,0
2024-09-02,fr,organic,EUR,0.00,0,0,0
2024-09-03,at,direct,EUR,0.00,0,0,0
2024-09-03,at,email,EUR,0.05,40,2,0
2024-09-03,at,google,EUR,0.43,14,0,0
2024-09-03,at,meta,EUR,2.85,362,4,0
2024-09-03,at,organic,EUR,0.00,0,0,0
2024-09-03,de,direct,EUR,0.00,0,0,0
2024-09-03,de,email,EUR,0.19,199,3,0
2024-09-03,de,google,EUR,5.31,274,16,1
2024-09-03,de,meta,EUR,23.16,3654,49,0
2024-09-03,de,organic,EUR,0.00,0,0,0
2024-09-03,fr,direct,EUR,0.00,0,0,0
2024-09-03,fr,email,EUR,0.18,129,0,0
2024-09-03,fr,google,EUR,2.53,95,6,0
2024-09-03,fr,meta,EUR,20.63,2335,54,0
2024-09-03,fr,organic,EUR,0.00,0,0,0
2024-09-04,at,direct,EUR,0.00,0,0,0
2024-09-04,at,email,EUR,0.06,31,1,0
2024-09-04,at,google,EUR,0.51,23,1,0
2024-09-04,at,meta,EUR,3.84,406,5,0
2024-09-04,at,organic,EUR,0.00,0,0,0
2024-09-04,de,direct,EUR,0.00,0,0,0
2024-09-04,de,email,EUR,0.14,70,2,0
2024-09-04,de,google,EUR,5.09,156,4,1
2024-09-04,de,meta,EUR,18.07,2164,34,0
2024-09-04,de,organic,EUR,0.00,0,0,0
2024-09-04,fr,direct,EUR,0.00,0,0,0
2024-09-04,fr,email,EUR,0.30,275,3,0
2024-09-04,fr,google,EUR,2.87,100,4,1
2024-09-04,fr,meta,EUR,16.84,1619,24,0
2024-09-04,fr,organic,EUR,0.00,0,0,0
2024-09-05,at,direct,EUR,0.00,0,0,0
2024-09-05,at,email,EUR,0.08,50,2,0
2024-09-05,at,google,EUR,0.85,42,2,0
2024-09-05,at,meta,EUR,3.53,393,10,0
2024-09-05,at,organic,EUR,0.00,0,0,0
2024-09-05,de,direct,EUR,0.00,0,0,0
2024-09-05,de,email,EUR,0.26,157,7,0
2024-09-05,de,google,EUR,5.76,295,12,0
2024-09-05,de,meta,EUR,45.97,5631,107,0
2024-09-05,de,organic,EUR,0.00,0,0,0
2024-09-05,fr,direct,EUR,0.00,0,0,1
2024-09-05,fr,email,EUR,0.21,122,7,0
2024-09-05,fr,google,EUR,1.76,89,5,0
2024-09-05,fr,meta,EUR,19.02,1652,19,1
2024-09-05,fr,organic,EUR,0.00,0,0,0
2024-09-06,at,direct,EUR,0.00,0,0,0
2024-09-06,at,email,EUR,0.10,98,1,1
2024-09-06,at,google,EUR,0.37,11,0,0
2024-09-06,at,meta,EUR,3.13,293,2,0
2024-09-06,at,organic,EUR,0.00,0,0,0
2024-09-06,de,direct,EUR,0.00,0,0,0
2024-09-06,de,email,EUR,0.22,148,6,0
2024-09-06,de,google,EUR,5.45,196,11,0
2024-09-06,de,meta,EUR,28.57,4081,61,0
2024-09-06,de,organic,EUR,0.00,0,0,0
2024-09-06,fr,direct,EUR,0.00,0,0,0
2024-09-06,fr,email,EUR,0.52,343,10,0
2024-09-06,fr,google,EUR,3.68,137,5,0
2024-09-06,fr,meta,EUR,19.28,1900,26,0
2024-09-06,fr,organic,EUR,0.00,0,0,0
2024-09-07,at,direct,EUR,0.00,0,0,0
2024-09-07,at,email,EUR,0.07,55,2,0
2024-09-07,at,google,EUR,0.74,22,1,0
2024-09-07,at,meta,EUR,4.06,360,4,0
2024-09-07,at,organic,EUR,0.00,0,0,0
2024-09-07,de,direct,EUR,0.00,0,0,0
2024-09-07,de,email,EUR,0.34,236,10,0
2024-09-07,de,google,EUR,5.10,223,19,0
2024-09-07,de,meta,EUR,29.52,2526,24,0
2024-09-07,de,organic,EUR,0.00,0,0,0
2024-09-07,fr,direct,EUR,0.00,0,0,0
2024-09-07,fr,email,EUR,0.32,211,6,0
2024-09-07,fr,google,EUR,3.88,134,5,0
2024-09-07,fr,meta,EUR,37.67,4689,65,0
2024-09-07,fr,organic,EUR,0.00,0,0,0
2024-09-08,at,direct,EUR,0.00,0,0,0
2024-09-08,at,email,EUR,0.05,60,1,0
2024-09-08,at,google,EUR,0.23,13,0,0
2024-09-08,at,meta,EUR,2.79,444,9,0
2024-09-08,at,organic,EUR,0.00,0,0,0
2024-09-08,de,direct,EUR,0.00,0,0,0
2024-09-08,de,email,EUR,0.14,106,1,0
2024-09-08,de,google,EUR,4.63,155,7,0
2024-09-08,de,meta,EUR,18.62,2692,43,1
2024-09-08,de,organic,EUR,0.00,0,0,0
2024-09-08,fr,direct,EUR,0.00,0,0,0
2024-09-08,fr,email,EUR,0.14,90,1,0
2024-09-08,fr,google,EUR,2.87,90,2,0
2024-09-08,fr,meta,EUR,11.92,1142,18,0
2024-09-08,fr,organic,EUR,0.00,0,0,0
2024-09-09,at,direct,EUR,0.00,0,0,0
2024-09-09,at,email,EUR,0.03,20,2,0
2024-09-09,at,google,EUR,0.48,17,1,0
2024-09-09,at,meta,EUR,2.89,382,5,1
2024-09-09,at,organic,EUR,0.00,0,0,0
2024-09-09,de,direct,EUR,0.00,0,0,0
2024-09-09,de,email,EUR,0.11,83,3,0
2024-09-09,de,google,EUR,4.81,247,15,0
2024-09-09,de,meta,EUR,32.87,2744,36,0
2024-09-09,de,organic,EUR,0.00,0,0,1
2024-09-09,fr,direct,EUR,0.00,0,0,0
2024-09-09,fr,email,EUR,0.19,138,4,0
2024-09-09,fr,google,EUR,2.58,95,4,0
2024-09-09,fr,meta,EUR,24.10,3905,45,0
2024-09-09,fr,organic,EUR,0.00,0,0,0
2024-09-10,at,direct,EUR,0.00,0,0,0
2024-09-10,at,email,EUR,0.05,30,1,0
2024-09-10,at,google,EUR,0.75,23,1,0
2024-09-10,at,meta,EUR,3.39,303,3,0
2024-09-10,at,organic,EUR,0.00,0,0,0
2024-09-10,de,direct,EUR,0.00,0,0,0
2024-09-10,de,email,EUR,0.19,109,6,0
2024-09-10,de,google,EUR,4.32,166,4,0
2024-09-10,de,meta,EUR,20.81,2896,41,0
2024-09-10,de,organic,EUR,0.00,0,0,1
2024-09-10,fr,direct,EUR,0.00,0,0,0
2024-09-10,fr,email,EUR,0.18,156,2,0
2024-09-10,fr,google,EUR,3.01,104,6,0
2024-09-10,fr,meta,EUR,16.35,2378,29,0
2024-09-10,fr,organic,EUR,0.00,0,0,0
2024-09-11,at,direct,EUR,0.00,0,0,0
2024-09-11,at,email,EUR,0.07,36,1,0
2024-09-11,at,google,EUR,0.57,18,0,0
2024-09-11,at,meta,EUR,5.59,836,10,0
2024-09-11,at,organic,EUR,0.00,0,0,0
2024-09-11,de,direct,EUR,0.00,0,0,0
2024-09-11,de,email,EUR,0.30,198,2,0
2024-09-11,de,google,EUR,5.94,296,23,0
2024-09-11,de,meta,EUR,16.13,1756,32,0
2024-09-11,de,organic,EUR,0.00,0,0,1
2024-09-11,fr,direct,EUR,0.00,0,0,0
2024-09-11,fr,email,EUR,0.30,228,4,0
2024-09-11,fr,google,EUR,5.04,156,5,0
2024-09-11,fr,meta,EUR,27.50,2446,37,0
2024-09-11,fr,organic,EUR,0.00,0,0,0
2024-09-12,at,direct,EUR,0.00,0,0,0
2024-09-12,at,email,EUR,0.07,38,0,0
2024-09-12,at,google,EUR,0.54,27,2,0
2024-09-12,at,meta,EUR,4.29,392,10,0
2024-09-12,at,organic,EUR,0.00,0,0,0
2024-09-12,de,direct,EUR,0.00,0,0,0
2024-09-12,de,email,EUR,0.22,146,2,0
2024-09-12,de,google,EUR,2.07,97,6,0
2024-09-12,de,meta,EUR,21.54,2980,45,0
2024-09-12,de,organic,EUR,0.00,0,0,0
2024-09-12,fr,direct,EUR,0.00,0,0,0
2024-09-12,fr,email,EUR,0.15,140,2,0
2024-09-12,fr,google,EUR,2.46,75,2,0
2024-09-12,fr,meta,EUR,11.80,1807,22,0
2024-09-12,fr,organic,EUR,0.00,0,0,0
2024-09-13,at,direct,EUR,0.00,0,0,0
2024-09-13,at,email,EUR,0.06,35,2,0
2024-09-13,at,google,EUR,0.47,24,2,0
2024-09-13,at,meta,EUR,9.23,889,17,0
2024-09-13,at,organic,EUR,0.00,0,0,0
2024-09-13,de,direct,EUR,0.00,0,0,0
2024-09-13,de,email,EUR,0.22,220,8,0
2024-09-13,de,google,EUR,4.17,128,8,1
2024-09-13,de,meta,EUR,42.75,5714,56,0
2024-09-13,de,organic,EUR,0.00,0,0,0
2024-09-13,fr,direct,EUR,0.00,0,0,0
2024-09-13,fr,email,EUR,0.18,179,6,0
2024-09-13,fr,google,EUR,2.14,80,2,0
2024-09-13,fr,meta,EUR,19.58,1928,32,1
2024-09-13,fr,organic,EUR,0.00,0,0,0
2024-09-14,at,direct,EUR,0.00,0,0,0
2024-09-14,at,email,EUR,0.08,46,2,0
2024-09-14,at,google,EUR,0.59,25,1,0
2024-09-14,at,meta,EUR,4.88,665,8,0
2024-09-14,at,organic,EUR,0.00,0,0,0
2024-09-14,de,direct,EUR,0.00,0,0,0
2024-09-14,de,email,EUR,0.19,132,4,0
2024-09-14,de,google,EUR,4.37,191,11,1
2024-09-14,de,meta,EUR,38.83,6401,137,0
2024-09-14,de,organic,EUR,0.00,0,0,0
2024-09-14,fr,direct,EUR,0.00,0,0,0
2024-09-14,fr,email,EUR,0.23,182,7,0
2024-09-14,fr,google,EUR,1.95,59,4,1
2024-09-14,fr,meta,EUR,17.34,1787,10,1
2024-09-14,fr,organic,EUR,0.00,0,0,0
2024-09-15,at,direct,EUR,0.00,0,0,0
2024-09-15,at,email,EUR,0.05,58,2,0
2024-09-15,at,google,EUR,0.38,12,1,1
2024-09-15,at,meta,EUR,2.95,332,6,0
2024-09-15,at,organic,EUR,0.00,0,0,0
2024-09-15,de,direct,EUR,0.00,0,0,0
2024-09-15,de,email,EUR,0.28,162,5,0
2024-09-15,de,google,EUR,4.70,138,10,1
2024-09-15,de,meta,EUR,19.47,3133,60,0
2024-09-15,de,organic,EUR,0.00,0,0,0
2024-09-15,fr,direct,EUR,0.00,0,0,0
2024-09-15,fr,email,EUR,0.24,173,6,0
2024-09-15,fr,google,EUR,3.63,153,8,0
2024-09-15,fr,meta,EUR,14.14,2194,29,0
2024-09-15,fr,organic,EUR,0.00,0,0,0
2024-09-16,at,direct,EUR,0.00,0,0,0
2024-09-16,at,email,EUR,0.07,57,2,0
2024-09-16,at,google,EUR,0.35,10,0,0
2024-09-16,at,meta,EUR,3.54,487,3,0
2024-09-16,at,organic,EUR,0.00,0,0,0
2024-09-16,de,direct,EUR,0.00,0,0,1
2024-09-16,de,email,EUR,0.13,168,6,0
2024-09-16,de,google,EUR,5.85,230,11,0
2024-09-16,de,meta,EUR,34.84,3803,65,0
2024-09-16,de,organic,EUR,0.00,0,0,0
2024-09-16,fr,direct,EUR,0.00,0,0,0
2024-09-16,fr,email,EUR,0.31,172,7,0
2024-09-16,fr,google,EUR,4.00,152,17,0
2024-09-16,fr,meta,EUR,21.48,2511,30,0
2024-09-16,fr,organic,EUR,0.00,0,0,0
2024-09-17,at,direct,EUR,0.00,0,0,0
2024-09-17,at,email,EUR,0.05,33,0,0
2024-09-17,at,google,EUR,0.43,16,2,0
2024-09-17,at,meta,EUR,4.03,581,8,0
2024-09-17,at,organic,EUR,0.00,0,0,0
2024-09-17,de,direct,EUR,0.00,0,0,0
2024-09-17,de,email,EUR,0.16,166,5,0
2024-09-17,de,google,EUR,2.49,105,3,0
2024-09-17,de,meta,EUR,30.48,2858,42,1
2024-09-17,de,organic,EUR,0.00,0,0,0
2024-09-17,fr,direct,EUR,0.00,0,0,0
2024-09-17,fr,email,EUR,0.34,333,7,0
2024-09-17,fr,google,EUR,1.88,69,2,1
2024-09-17,fr,meta,EUR,17.60,2556,19,0
2024-09-17,fr,organic,EUR,0.00,0,0,0
2024-09-18,at,direct,EUR,0.00,0,0,0
2024-09-18,at,email,EUR,0.05,58,2,0
2024-09-18,at,google,EUR,0.52,28,2,0
2024-09-18,at,meta,EUR,4.47,590,8,0
2024-09-18,at,organic,EUR,0.00,0,0,0
2024-09-18,de,direct,EUR,0.00,0,0,0
2024-09-18,de,email,EUR,0.24,163,6,0
2024-09-18,de,google,EUR,6.20,179,18,0
2024-09-18,de,meta,EUR,23.67,2544,40,0
2024-09-18,de,organic,EUR,0.00,0,0,0
2024-09-18,fr,direct,EUR,0.00,0,0,0
2024-09-18,fr,email,EUR,0.28,260,9,0
2024-09-18,fr,google,EUR,2.10,69,2,0
2024-09-18,fr,meta,EUR,23.85,3198,78,0
2024-09-18,fr,organic,EUR,0.00,0,0,0
2024-09-19,at,direct,EUR,0.00,0,0,0
2024-09-19,at,email,EUR,0.06,46,2,0
2024-09-19,at,google,EUR,0.40,12,0,0
2024-09-19,at,meta,EUR,7.54,743,10,1
2024-09-19,at,organic,EUR,0.00,0,0,0
2024-09-19,de,direct,EUR,0.00,0,0,0
2024-09-19,de,email,EUR,0.12,71,1,0
2024-09-19,de,google,EUR,2.94,93,5,0
2024-09-19,de,meta,EUR,25.13,2339,31,0
2024-09-19,de,organic,EUR,0.00,0,0,0
2024-09-19,fr,direct,EUR,0.00,0,0,0
2024-09-19,fr,email,EUR,0.24,147,4,0
2024-09-19,fr,google,EUR,2.45,81,4,0
2024-09-19,fr,meta,EUR,13.93,1335,22,1
2024-09-19,fr,organic,EUR,0.00,0,0,0
2024-09-20,at,direct,EUR,0.00,0,0,0
2024-09-20,at,email,EUR,0.02,23,1,0
2024-09-20,at,google,EUR,0.43,17,0,0
2024-09-20,at,meta,EUR,3.41,314,1,0
2024-09-20,at,organic,EUR,0.00,0,0,0
2024-09-20,de,direct,EUR,0.00,0,0,0
2024-09-20,de,email,EUR,0.34,170,4,0
2024-09-20,de,google,EUR,3.23,96,8,0
2024-09-20,de,meta,EUR,31.70,4687,47,0
2024-09-20,de,organic,EUR,0.00,0,0,0
2024-09-20,fr,direct,EUR,0.00,0,0,0
2024-09-20,fr,email,EUR,0.34,343,10,0
2024-09-20,fr,google,EUR,4.23,231,14,1
2024-09-20,fr,meta,EUR,14.47,1658,33,0
2024-09-20,fr,organic,EUR,0.00,0,0,0
2024-09-21,at,direct,EUR,0.00,0,0,0
2024-09-21,at,email,EUR,0.07,49,1,0
2024-09-21,at,google,EUR,0.39,11,0,0
2024-09-21,at,meta,EUR,6.00,552,11,1
2024-09-21,at,organic,EUR,0.00,0,0,0
2024-09-21,de,direct,EUR,0.00,0,0,0
2024-09-21,de,email,EUR,0.29,353,6,0
2024-09-21,de,google,EUR,4.46,167,9,0
2024-09-21,de,meta,EUR,23.57,2555,47,0
2024-09-21,de,organic,EUR,0.00,0,0,0
2024-09-21,fr,direct,EUR,0.00,0,0,1
2024-09-21,fr,email,EUR,0.20,113,0,0
2024-09-21,fr,google,EUR,2.10,115,6,1
2024-09-21,fr,meta,EUR,19.61,2135,28,0
2024-09-21,fr,organic,EUR,0.00,0,0,0
2024-09-22,at,direct,EUR,0.00,0,0,0
2024-09-22,at,email,EUR,0.01,14,2,0
2024-09-22,at,google,EUR,0.46,17,1,0
2024-09-22,at,meta,EUR,3.43,479,10,0
2024-09-22,at,organic,EUR,0.00,0,0,0
2024-09-22,de,direct,EUR,0.00,0,0,0
2024-09-22,de,email,EUR,0.22,214,4,0
2024-09-22,de,google,EUR,3.02,108,4,0
2024-09-22,de,meta,EUR,21.05,2039,30,0
2024-09-22,de,organic,EUR,0.00,0,0,0
2024-09-22,fr,direct,EUR,0.00,0,0,0
2024-09-22,fr,email,EUR,0.11,104,2,0
2024-09-22,fr,google,EUR,1.19,55,2,0
2024-09-22,fr,meta,EUR,13.41,1565,15,0
2024-09-22,fr,organic,EUR,0.00,0,0,0
2024-09-23,at,direct,EUR,0.00,0,0,0
2024-09-23,at,email,EUR,0.03,29,0,0
2024-09-23,at,google,EUR,0.52,16,0,0
2024-09-23,at,meta,EUR,2.21,340,2,0
2024-09-23,at,organic,EUR,0.00,0,0,0
2024-09-23,de,direct,EUR,0.00,0,0,0
2024-09-23,de,email,EUR,0.22,158,8,0
2024-09-23,de,google,EUR,2.29,73,1,0
2024-09-23,de,meta,EUR,25.31,4109,35,0
2024-09-23,de,organic,EUR,0.00,0,0,0
2024-09-23,fr,direct,EUR,0.00,0,0,0
2024-09-23,fr,email,EUR,0.24,280,6,0
2024-09-23,fr,google,EUR,4.51,246,16,0
2024-09-23,fr,meta,EUR,14.08,1756,24,0
2024-09-23,fr,organic,EUR,0.00,0,0,0
2024-09-24,at,direct,EUR,0.00,0,0,0
2024-09-24,at,email,EUR,0.06,43,1,0
2024-09-24,at,google,EUR,0.50,21,1,0
2024-09-24,at,meta,EUR,4.70,484,12,0
2024-09-24,at,organic,EUR,0.00,0,0,0
2024-09-24,de,direct,EUR,0.00,0,0,0
2024-09-24,de,email,EUR,0.18,135,5,0
2024-09-24,de,google,EUR,4.68,179,7,0
2024-09-24,de,meta,EUR,14.68,2010,21,1
2024-09-24,de,organic,EUR,0.00,0,0,0
2024-09-24,fr,direct,EUR,0.00,0,0,0
2024-09-24,fr,email,EUR,0.17,154,5,0
2024-09-24,fr,google,EUR,2.73,148,8,1
2024-09-24,fr,meta,EUR,11.79,1004,12,0
2024-09-24,fr,organic,EUR,0.00,0,0,0
2024-09-25,at,direct,EUR,0.00,0,0,0
2024-09-25,at,email,EUR,0.06,48,2,0
2024-09-25,at,google,EUR,0.66,24,1,0
2024-09-25,at,meta,EUR,5.74,512,6,0
2024-09-25,at,organic,EUR,0.00,0,0,0
2024-09-25,de,direct,EUR,0.00,0,0,0
2024-09-25,de,email,EUR,0.15,107,5,0
2024-09-25,de,google,EUR,4.97,193,12,0
2024-09-25,de,meta,EUR,24.22,3048,28,0
2024-09-25,de,organic,EUR,0.00,0,0,0
2024-09-25,fr,direct,EUR,0.00,0,0,0
2024-09-25,fr,email,EUR,0.23,260,4,0
2024-09-25,fr,google,EUR,3.00,98,9,0
2024-09-25,fr,meta,EUR,23.70,2992,37,0
2024-09-25,fr,organic,EUR,0.00,0,0,0
2024-09-26,at,direct,EUR,0.00,0,0,0
2024-09-26,at,email,EUR,0.04,40,3,0
2024-09-26,at,google,EUR,0.52,17,0,0
2024-09-26,at,meta,EUR,3.13,402,3,0
2024-09-26,at,organic,EUR,0.00,0,0,0
2024-09-26,de,direct,EUR,0.00,0,0,0
2024-09-26,de,email,EUR,0.20,119,5,0
2024-09-26,de,google,EUR,5.73,174,4,0
2024-09-26,de,meta,EUR,24.11,2849,29,0
2024-09-26,de,organic,EUR,0.00,0,0,0
2024-09-26,fr,direct,EUR,0.00,0,0,0
2024-09-26,fr,email,EUR,0.25,151,5,0
2024-09-26,fr,google,EUR,2.53,78,10,0
2024-09-26,fr,meta,EUR,15.28,1403,18,0
2024-09-26,fr,organic,EUR,0.00,0,0,0
2024-09-27,at,direct,EUR,0.00,0,0,0
2024-09-27,at,email,EUR,0.05,26,0,0
2024-09-27,at,google,EUR,0.62,24,0,0
2024-09-27,at,meta,EUR,4.39,610,12,0
2024-09-27,at,organic,EUR,0.00,0,0,0
2024-09-27,de,direct,EUR,0.00,0,0,0
2024-09-27,de,email,EUR,0.17,88,3,0
2024-09-27,de,google,EUR,3.99,127,5,0
2024-09-27,de,meta,EUR,39.09,3298,55,1
2024-09-27,de,organic,EUR,0.00,0,0,1
2024-09-27,fr,direct,EUR,0.00,0,0,0
2024-09-27,fr,email,EUR,0.29,321,13,0
2024-09-27,fr,google,EUR,3.37,162,10,0
2024-09-27,fr,meta,EUR,28.42,4470,86,0
2024-09-27,fr,organic,EUR,0.00,0,0,0
2024-09-28,at,direct,EUR,0.00,0,0,0
2024-09-28,at,email,EUR,0.09,55,0,0
2024-09-28,at,google,EUR,0.64,22,1,0
2024-09-28,at,meta,EUR,2.76,238,4,0
2024-09-28,at,organic,EUR,0.00,0,0,0
2024-09-28,de,direct,EUR,0.00,0,0,0
2024-09-28,de,email,EUR,0.28,187,10,0
2024-09-28,de,google,EUR,4.73,243,9,1
2024-09-28,de,meta,EUR,17.40,2677,42,0
2024-09-28,de,organic,EUR,0.00,0,0,0
2024-09-28,fr,direct,EUR,0.00,0,0,0
2024-09-28,fr,email,EUR,0.37,284,3,0
2024-09-28,fr,google,EUR,1.96,99,4,0
2024-09-28,fr,meta,EUR,19.59,1859,22,0
2024-09-28,fr,organic,EUR,0.00,0,0,0
2024-09-29,at,direct,EUR,0.00,0,0,0
2024-09-29,at,email,EUR,0.04,20,0,0
2024-09-29,at,google,EUR,0.39,12,1,0
2024-09-29,at,meta,EUR,2.21,362,6,0
2024-09-29,at,organic,EUR,0.00,0,0,0
2024-09-29,de,direct,EUR,0.00,0,0,0
2024-09-29,de,email,EUR,0.21,118,3,0
2024-09-29,de,google,EUR,3.30,101,3,0
2024-09-29,de,meta,EUR,18.75,3120,30,0
2024-09-29,de,organic,EUR,0.00,0,0,0
2024-09-29,fr,direct,EUR,0.00,0,0,0
2024-09-29,fr,email,EUR,0.25,257,5,0
2024-09-29,fr,google,EUR,1.67,56,1,0
2024-09-29,fr,meta,EUR,16.48,1674,42,0
2024-09-29,fr,organic,EUR,0.00,0,0,0
2024-09-30,at,direct,EUR,0.00,0,0,0
2024-09-30,at,email,EUR,0.09,49,0,0
2024-09-30,at,google,EUR,0.38,20,0,0
2024-09-30,at,meta,EUR,4.84,686,16,0
2024-09-30,at,organic,EUR,0.00,0,0,0
2024-09-30,de,direct,EUR,0.00,0,0,0
2024-09-30,de,email,EUR,0.29,193,4,0
2024-09-30,de,google,EUR,6.06,181,4,0
2024-09-30,de,meta,EUR,19.97,2289,26,0
2024-09-30,de,organic,EUR,0.00,0,0,0
2024-09-30,fr,direct,EUR,0.00,0,0,0
2024-09-30,fr,email,EUR,0.23,140,0,0
2024-09-30,fr,google,EUR,2.43,126,6,1
2024-09-30,fr,meta,EUR,17.60,1809,12,0
2024-09-30,fr,organic,EUR,0.00,0,0,0
2024-10-01,at,direct,EUR,0.00,0,0,0
2024-10-01,at,email,EUR,0.04,22,2,0
2024-10-01,at,google,EUR,0.71,34,0,0
2024-10-01,at,meta,EUR,2.54,236,4,0
2024-10-01,at,organic,EUR,0.00,0,0,0
2024-10-01,de,direct,EUR,0.00,0,0,0
2024-10-01,de,email,EUR,0.17,203,5,0
2024-10-01,de,google,EUR,1.29,40,2,0
2024-10-01,de,meta,EUR,25.42,3736,67,1
2024-10-01,de,organic,EUR,0.00,0,0,0
2024-10-01,fr,direct,EUR,0.00,0,0,0
2024-10-01,fr,email,EUR,0.15,142,2,0
2024-10-01,fr,google,EUR,0.98,34,0,0
2024-10-01,fr,meta,EUR,9.60,1243,11,1
2024-10-01,fr,organic,EUR,0.00,0,0,0
2024-10-02,at,direct,EUR,0.00,0,0,0
2024-10-02,at,email,EUR,0.05,28,1,0
2024-10-02,at,google,EUR,0.34,11,1,0
2024-10-02,at,meta,EUR,2.20,227,2,0
2024-10-02,at,organic,EUR,0.00,0,0,0
2024-10-02,de,direct,EUR,0.00,0,0,0
2024-10-02,de,email,EUR,0.21,132,2,0
2024-10-02,de,google,EUR,2.38,119,6,0
2024-10-02,de,meta,EUR,19.80,2857,18,0
2024-10-02,de,organic,EUR,0.00,0,0,0
2024-10-02,fr,direct,EUR,0.00,0,0,2
2024-10-02,fr,email,EUR,0.19,210,8,0
2024-10-02,fr,google,EUR,1.87,63,5,0
2024-10-02,fr,meta,EUR,14.45,1451,28,0
2024-10-02,fr,organic,EUR,0.00,0,0,0
2024-10-03,at,direct,EUR,0.00,0,0,0
2024-10-03,at,email,EUR,0.07,37,0,0
2024-10-03,at,google,EUR,0.33,17,0,0
2024-10-03,at,meta,EUR,3.39,287,6,0
2024-10-03,at,organic,EUR,0.00,0,0,0
2024-10-03,de,direct,EUR,0.00,0,0,0
2024-10-03,de,email,EUR,0.15,94,5,0
2024-10-03,de,google,EUR,3.28,146,7,0
2024-10-03,de,meta,EUR,35.42,5066,59,0
2024-10-03,de,organic,EUR,0.00,0,0,0
2024-10-03,fr,direct,EUR,0.00,0,0,0
2024-10-03,fr,email,EUR,0.16,151,5,0
2024-10-03,fr,google,EUR,1.89,59,5,0
2024-10-03,fr,meta,EUR,23.78,2245,46,0
2024-10-03,fr,organic,EUR,0.00,0,0,0
2024-10-04,at,direct,EUR,0.00,0,0,0
2024-10-04,at,email,EUR,0.05,28,0,0
2024-10-04,at,google,EUR,0.49,15,1,0
2024-10-04,at,meta,EUR,2.94,409,4,0
2024-10-04,at,organic,EUR,0.00,0,0,0
2024-10-04,de,direct,EUR,0.00,0,0,0
2024-10-04,de,email,EUR,0.15,112,6,1
2024-10-04,de,google,EUR,2.57,118,7,0
2024-10-04,de,meta,EUR,27.41,4193,46,0
2024-10-04,de,organic,EUR,0.00,0,0,0
2024-10-04,fr,direct,EUR,0.00,0,0,0
2024-10-04,fr,email,EUR,0.20,100,4,0
2024-10-04,fr,google,EUR,2.09,71,5,0
2024-10-04,fr,meta,EUR,15.63,1457,16,0
2024-10-04,fr,organic,EUR,0.00,0,0,0
2024-10-05,at,direct,EUR,0.00,0,0,0
2024-10-05,at,email,EUR,0.04,20,0,0
2024-10-05,at,google,EUR,0.49,17,0,0
2024-10-05,at,meta,EUR,3.15,297,3,0
2024-10-05,at,organic,EUR,0.00,0,0,0
2024-10-05,de,direct,EUR,0.00,0,0,1
2024-10-05,de,email,EUR,0.22,109,6,0
2024-10-05,de,google,EUR,3.47,117,7,0
2024-10-05,de,meta,EUR,20.93,2641,29,0
2024-10-05,de,organic,EUR,0.00,0,0,0
2024-10-05,fr,direct,EUR,0.00,0,0,0
2024-10-05,fr,email,EUR,0.48,402,8,0
2024-10-05,fr,google,EUR,2.05,102,3,0
2024-10-05,fr,meta,EUR,20.02,1816,24,0
2024-10-05,fr,organic,EUR,0.00,0,0,0
2024-10-06,at,direct,EUR,0.00,0,0,0
2024-10-06,at,email,EUR,0.03,19,2,0
2024-10-06,at,google,EUR,0.21,7,0,0
2024-10-06,at,meta,EUR,3.15,391,10,0
2024-10-06,at,organic,EUR,0.00,0,0,0
2024-10-06,de,direct,EUR,0.00,0,0,0
2024-10-06,de,email,EUR,0.12,99,2,0
2024-10-06,de,google,EUR,2.51,85,5,0
2024-10-06,de,meta,EUR,17.68,1569,21,1
2024-10-06,de,organic,EUR,0.00,0,0,0
2024-10-06,fr,direct,EUR,0.00,0,0,0
2024-10-06,fr,email,EUR,0.16,99,2,0
2024-10-06,fr,google,EUR,1.25,65,6,0
2024-10-06,fr,meta,EUR,13.07,1948,18,0
2024-10-06,fr,organic,EUR,0.00,0,0,0
2024-10-07,at,direct,EUR,0.00,0,0,0
2024-10-07,at,email,EUR,0.04,32,1,0
2024-10-07,at,google,EUR,0.49,20,1,0
2024-10-07,at,meta,EUR,1.95,201,1,0
2024-10-07,at,organic,EUR,0.00,0,0,0
2024-10-07,de,direct,EUR,0.00,0,0,0
2024-10-07,de,email,EUR,0.16,114,7,0
2024-10-07,de,google,EUR,2.35,125,7,1
2024-10-07,de,meta,EUR,16.24,2493,42,0
2024-10-07,de,organic,EUR,0.00,0,0,0
2024-10-07,fr,direct,EUR,0.00,0,0,0
2024-10-07,fr,email,EUR,0.19,131,3,1
2024-10-07,fr,google,EUR,1.07,52,4,0
2024-10-07,fr,meta,EUR,12.77,1351,14,0
2024-10-07,fr,organic,EUR,0.00,0,0,0
2024-10-08,at,direct,EUR,0.00,0,0,0
2024-10-08,at,email,EUR,0.03,18,1,0
2024-10-08,at,google,EUR,0.36,14,1,0
2024-10-08,at,meta,EUR,2.23,219,2,0
2024-10-08,at,organic,EUR,0.00,0,0,0
2024-10-08,de,direct,EUR,0.00,0,0,0
2024-10-08,de,email,EUR,0.11,84,4,0
2024-10-08,de,google,EUR,3.08,94,5,1
2024-10-08,de,meta,EUR,24.67,2198,14,0
2024-10-08,de,organic,EUR,0.00,0,0,0
2024-10-08,fr,direct,EUR,0.00,0,0,0
2024-10-08,fr,email,EUR,0.14,154,4,0
2024-10-08,fr,google,EUR,2.03,95,6,0
2024-10-08,fr,meta,EUR,13.00,1168,25,0
2024-10-08,fr,organic,EUR,0.00,0,0,0
2024-10-09,at,direct,EUR,0.00,0,0,0
2024-10-09,at,email,EUR,0.04,25,1,0
2024-10-09,at,google,EUR,0.28,9,1,1
2024-10-09,at,meta,EUR,3.22,375,3,0
2024-10-09,at,organic,EUR,0.00,0,0,0
2024-10-09,de,direct,EUR,0.00,0,0,0
2024-10-09,de,email,EUR,0.12,128,2,0
2024-10-09,de,google,EUR,3.83,205,15,0
2024-10-09,de,meta,EUR,13.45,1216,13,1
2024-10-09,de,organic,EUR,0.00,0,0,0
2024-10-09,fr,direct,EUR,0.00,0,0,0
2024-10-09,fr,email,EUR,0.25,220,5,0
2024-10-09,fr,google,EUR,1.87,63,2,0
2024-10-09,fr,meta,EUR,15.25,2535,30,0
2024-10-09,fr,organic,EUR,0.00,0,0,0
2024-10-10,at,direct,EUR,0.00,0,0,0
2024-10-10,at,email,EUR,0.03,37,0,0
2024-10-10,at,google,EUR,0.57,16,1,0
2024-10-10,at,meta,EUR,4.23,465,6,0
2024-10-10,at,organic,EUR,0.00,0,0,0
2024-10-10,de,direct,EUR,0.00,0,0,0
2024-10-10,de,email,EUR,0.20,114,1,0
2024-10-10,de,google,EUR,3.05,150,4,0
2024-10-10,de,meta,EUR,16.14,2098,22,0
2024-10-10,de,organic,EUR,0.00,0,0,0
2024-10-10,fr,direct,EUR,0.00,0,0,0
2024-10-10,fr,email,EUR,0.24,146,5,0
2024-10-10,fr,google,EUR,1.40,54,2,0
2024-10-10,fr,meta,EUR,16.76,1471,20,0
2024-10-10,fr,organic,EUR,0.00,0,0,1
2024-10-11,at,direct,EUR,0.00,0,0,0
2024-10-11,at,email,EUR,0.06,33,0,0
2024-10-11,at,google,EUR,0.52,26,2,0
2024-10-11,at,meta,EUR,4.99,470,1,0
2024-10-11,at,organic,EUR,0.00,0,0,0
2024-10-11,de,direct,EUR,0.00,0,0,0
2024-10-11,de,email,EUR,0.23,135,9,0
2024-10-11,de,google,EUR,3.10,100,6,0
2024-10-11,de,meta,EUR,25.76,2657,31,0
2024-10-11,de,organic,EUR,0.00,0,0,0
2024-10-11,fr,direct,EUR,0.00,0,0,0
2024-10-11,fr,email,EUR,0.26,290,9,0
2024-10-11,fr,google,EUR,2.34,76,5,1
2024-10-11,fr,meta,EUR,9.66,926,15,0
2024-10-11,fr,organic,EUR,0.00,0,0,0
2024-10-12,at,direct,EUR,0.00,0,0,0
2024-10-12,at,email,EUR,0.05,25,1,0
2024-10-12,at,google,EUR,0.31,12,1,0
2024-10-12,at,meta,EUR,2.97,337,3,0
2024-10-12,at,organic,EUR,0.00,0,0,0
2024-10-12,de,direct,EUR,0.00,0,0,0
2024-10-12,de,email,EUR,0.14,141,6,0
2024-10-12,de,google,EUR,3.57,170,11,0
2024-10-12,de,meta,EUR,34.20,3309,48,0
2024-10-12,de,organic,EUR,0.00,0,0,0
2024-10-12,fr,direct,EUR,0.00,0,0,0
2024-10-12,fr,email,EUR,0.23,136,6,0
2024-10-12,fr,google,EUR,2.21,121,7,0
2024-10-12,fr,meta,EUR,16.45,1619,21,1
2024-10-12,fr,organic,EUR,0.00,0,0,0
2024-10-13,at,direct,EUR,0.00,0,0,0
2024-10-13,at,email,EUR,0.03,16,1,0
2024-10-13,at,google,EUR,0.54,19,0,0
2024-10-13,at,meta,EUR,3.34,321,1,0
2024-10-13,at,organic,EUR,0.00,0,0,0
2024-10-13,de,direct,EUR,0.00,0,0,0
2024-10-13,de,email,EUR,0.16,87,4,0
2024-10-13,de,google,EUR,2.60,92,6,0
2024-10-13,de,meta,EUR,8.50,1372,17,0
2024-10-13,de,organic,EUR,0.00,0,0,0
2024-10-13,fr,direct,EUR,0.00,0,0,0
2024-10-13,fr,email,EUR,0.21,108,6,0
2024-10-13,fr,google,EUR,1.46,47,2,0
2024-10-13,fr,meta,EUR,10.04,1482,15,1
2024-10-13,fr,organic,EUR,0.00,0,0,0
2024-10-14,at,direct,EUR,0.00,0,0,0
2024-10-14,at,email,EUR,0.04,27,2,0
2024-10-14,at,google,EUR,0.42,18,0,0
2024-10-14,at,meta,EUR,2.19,320,5,0
2024-10-14,at,organic,EUR,0.00,0,0,0
2024-10-14,de,direct,EUR,0.00,0,0,0
2024-10-14,de,email,EUR,0.12,79,3,0
2024-10-14,de,google,EUR,1.70,94,3,0
2024-10-14,de,meta,EUR,27.27,2430,57,0
2024-10-14,de,organic,EUR,0.00,0,0,0
2024-10-14,fr,direct,EUR,0.00,0,0,0
2024-10-14,fr,email,EUR,0.25,171,6,0
2024-10-14,fr,google,EUR,0.96,40,0,0
2024-10-14,fr,meta,EUR,10.36,1154,11,0
2024-10-14,fr,organic,EUR,0.00,0,0,0
2024-10-15,at,direct,EUR,0.00,0,0,0
2024-10-15,at,email,EUR,0.04,33,0,0
2024-10-15,at,google,EUR,0.37,11,1,0
2024-10-15,at,meta,EUR,5.05,473,7,0
2024-10-15,at,organic,EUR,0.00,0,0,0
2024-10-15,de,direct,EUR,0.00,0,0,0
2024-10-15,de,email,EUR,0.15,98,2,0
2024-10-15,de,google,EUR,3.46,161,11,0
2024-10-15,de,meta,EUR,18.28,2469,36,0
2024-10-15,de,organic,EUR,0.00,0,0,1
2024-10-15,fr,direct,EUR,0.00,0,0,0
2024-10-15,fr,email,EUR,0.19,105,4,0
2024-10-15,fr,google,EUR,2.39,92,1,0
2024-10-15,fr,meta,EUR,18.14,1890,16,0
2024-10-15,fr,organic,EUR,0.00,0,0,0
2024-10-16,at,direct,EUR,0.00,0,0,0
2024-10-16,at,email,EUR,0.05,51,0,0
2024-10-16,at,google,EUR,0.62,35,1,1
2024-10-16,at,meta,EUR,2.19,254,3,0
2024-10-16,at,organic,EUR,0.00,0,0,0
2024-10-16,de,direct,EUR,0.00,0,0,0
2024-10-16,de,email,EUR,0.24,138,2,0
2024-10-16,de,google,EUR,2.77,102,3,0
2024-10-16,de,meta,EUR,11.40,1308,20,0
2024-10-16,de,organic,EUR,0.00,0,0,0
2024-10-16,fr,direct,EUR,0.00,0,0,1
2024-10-16,fr,email,EUR,0.18,99,2,0
2024-10-16,fr,google,EUR,1.41,41,6,0
2024-10-16,fr,meta,EUR,10.39,982,8,0
2024-10-16,fr,organic,EUR,0.00,0,0,0
2024-10-17,at,direct,EUR,0.00,0,0,0
2024-10-17,at,email,EUR,0.03,31,0,0
2024-10-17,at,google,EUR,0.42,14,1,0
2024-10-17,at,meta,EUR,4.72,449,3,0
2024-10-17,at,organic,EUR,0.00,0,0,0
2024-10-17,de,direct,EUR,0.00,0,0,0
2024-10-17,de,email,EUR,0.21,147,6,0
2024-10-17,de,google,EUR,4.78,175,10,0
2024-10-17,de,meta,EUR,8.40,1326,25,0
2024-10-17,de,organic,EUR,0.00,0,0,0
2024-10-17,fr,direct,EUR,0.00,0,0,0
2024-10-17,fr,email,EUR,0.25,142,4,0
2024-10-17,fr,google,EUR,2.15,91,2,0
2024-10-17,fr,meta,EUR,8.77,840,8,0
2024-10-17,fr,organic,EUR,0.00,0,0,1
2024-10-18,at,direct,EUR,0.00,0,0,0
2024-10-18,at,email,EUR,0.03,27,1,0
2024-10-18,at,google,EUR,0.43,15,1,0
2024-10-18,at,meta,EUR,2.83,318,3,0
2024-10-18,at,organic,EUR,0.00,0,0,0
2024-10-18,de,direct,EUR,0.00,0,0,0
2024-10-18,de,email,EUR,0.23,123,6,0
2024-10-18,de,google,EUR,4.25,206,14,0
2024-10-18,de,meta,EUR,14.20,1408,14,0
2024-10-18,de,organic,EUR,0.00,0,0,0
2024-10-18,fr,direct,EUR,0.00,0,0,0
2024-10-18,fr,email,EUR,0.16,94,3,0
2024-10-18,fr,google,EUR,1.80,95,6,0
2024-10-18,fr,meta,EUR,18.41,2332,25,0
2024-10-18,fr,organic,EUR,0.00,0,0,0
2024-10-19,at,direct,EUR,0.00,0,0,0
2024-10-19,at,email,EUR,0.07,43,3,0
2024-10-19,at,google,EUR,0.37,14,0,0
2024-10-19,at,meta,EUR,6.63,873,21,0
2024-10-19,at,organic,EUR,0.00,0,0,0
2024-10-19,de,direct,EUR,0.00,0,0,0
2024-10-19,de,email,EUR,0.33,373,10,0
2024-10-19,de,google,EUR,5.32,192,10,0
2024-10-19,de,meta,EUR,23.54,3096,44,0
2024-10-19,de,organic,EUR,0.00,0,0,0
2024-10-19,fr,direct,EUR,0.00,0,0,0
2024-10-19,fr,email,EUR,0.18,176,9,0
2024-10-19,fr,google,EUR,2.15,80,6,0
2024-10-19,fr,meta,EUR,9.97,1336,17,0
2024-10-19,fr,organic,EUR,0.00,0,0,0
2024-10-20,at,direct,EUR,0.00,0,0,0
2024-10-20,at,email,EUR,0.03,16,0,0
2024-10-20,at,google,EUR,0.38,11,0,0
2024-10-20,at,meta,EUR,3.01,501,3,0
2024-10-20,at,organic,EUR,0.00,0,0,0
2024-10-20,de,direct,EUR,0.00,0,0,0
2024-10-20,de,email,EUR,0.11,74,4,0
2024-10-20,de,google,EUR,1.92,62,4,0
2024-10-20,de,meta,EUR,16.13,1858,26,0
2024-10-20,de,organic,EUR,0.00,0,0,0
2024-10-20,fr,direct,EUR,0.00,0,0,0
2024-10-20,fr,email,EUR,0.15,143,6,0
2024-10-20,fr,google,EUR,2.37,101,3,0
2024-10-20,fr,meta,EUR,5.95,635,11,0
2024-10-20,fr,organic,EUR,0.00,0,0,0
2024-10-21,at,direct,EUR,0.00,0,0,0
2024-10-21,at,email,EUR,0.02,17,1,0
2024-10-21,at,google,EUR,0.40,12,1,0
2024-10-21,at,meta,EUR,2.04,251,6,0
2024-10-21,at,organic,EUR,0.00,0,0,0
2024-10-21,de,direct,EUR,0.00,0,0,0
2024-10-21,de,email,EUR,0.11,54,2,0
2024-10-21,de,google,EUR,2.56,111,2,0
2024-10-21,de,meta,EUR,21.84,3587,52,0
2024-10-21,de,organic,EUR,0.00,0,0,0
2024-10-21,fr,direct,EUR,0.00,0,0,0
2024-10-21,fr,email,EUR,0.10,65,2,0
2024-10-21,fr,google,EUR,2.16,102,7,0
2024-10-21,fr,meta,EUR,15.30,2483,47,0
2024-10-21,fr,organic,EUR,0.00,0,0,0
2024-10-22,at,direct,EUR,0.00,0,0,0
2024-10-22,at,email,EUR,0.04,32,0,0
2024-10-22,at,google,EUR,0.37,11,0,0
2024-10-22,at,meta,EUR,2.50,297,4,0
2024-10-22,at,organic,EUR,0.00,0,0,0
2024-10-22,de,direct,EUR,0.00,0,0,0
2024-10-22,de,email,EUR,0.12,100,2,0
2024-10-22,de,google,EUR,2.08,87,9,0
2024-10-22,de,meta,EUR,16.16,2083,35,0
2024-10-22,de,organic,EUR,0.00,0,0,0
2024-10-22,fr,direct,EUR,0.00,0,0,0
2024-10-22,fr,email,EUR,0.23,141,5,0
2024-10-22,fr,google,EUR,2.73,81,2,0
2024-10-22,fr,meta,EUR,12.90,1460,24,0
2024-10-22,fr,organic,EUR,0.00,0,0,0
2024-10-23,at,direct,EUR,0.00,0,0,0
2024-10-23,at,email,EUR,0.05,40,1,0
2024-10-23,at,google,EUR,0.31,9,1,0
2024-10-23,at,meta,EUR,3.89,416,3,0
2024-10-23,at,organic,EUR,0.00,0,0,0
2024-10-23,de,direct,EUR,0.00,0,0,0
2024-10-23,de,email,EUR,0.15,177,8,0
2024-10-23,de,google,EUR,2.57,136,12,1
2024-10-23,de,meta,EUR,14.39,1867,38,0
2024-10-23,de,organic,EUR,0.00,0,0,0
2024-10-23,fr,direct,EUR,0.00,0,0,0
2024-10-23,fr,email,EUR,0.14,97,4,0
2024-10-23,fr,google,EUR,2.26,77,5,0
2024-10-23,fr,meta,EUR,14.92,1481,27,0
2024-10-23,fr,organic,EUR,0.00,0,0,0
2024-10-24,at,direct,EUR,0.00,0,0,0
2024-10-24,at,email,EUR,0.03,15,0,0
2024-10-24,at,google,EUR,0.41,16,0,0
2024-10-24,at,meta,EUR,4.34,511,3,0
2024-10-24,at,organic,EUR,0.00,0,0,0
2024-10-24,de,direct,EUR,0.00,0,0,0
2024-10-24,de,email,EUR,0.08,45,1,0
2024-10-24,de,google,EUR,4.76,140,13,0
2024-10-24,de,meta,EUR,18.26,2956,24,0
2024-10-24,de,organic,EUR,0.00,0,0,0
2024-10-24,fr,direct,EUR,0.00,0,0,0
2024-10-24,fr,email,EUR,0.17,94,0,0
2024-10-24,fr,google,EUR,2.38,68,3,0
2024-10-24,fr,meta,EUR,11.68,997,10,0
2024-10-24,fr,organic,EUR,0.00,0,0,0
2024-10-25,at,direct,EUR,0.00,0,0,0
2024-10-25,at,email,EUR,0.05,55,0,0
2024-10-25,at,google,EUR,0.42,22,1,0
2024-10-25,at,meta,EUR,3.37,356,3,0
2024-10-25,at,organic,EUR,0.00,0,0,0
2024-10-25,de,direct,EUR,0.00,0,0,0
2024-10-25,de,email,EUR,0.17,108,2,0
2024-10-25,de,google,EUR,5.56,239,5,1
2024-10-25,de,meta,EUR,22.70,2529,21,0
2024-10-25,de,organic,EUR,0.00,0,0,0
2024-10-25,fr,direct,EUR,0.00,0,0,0
2024-10-25,fr,email,EUR,0.20,196,6,0
2024-10-25,fr,google,EUR,1.34,49,2,0
2024-10-25,fr,meta,EUR,9.57,1228,16,1
2024-10-25,fr,organic,EUR,0.00,0,0,0
2024-10-26,at,direct,EUR,0.00,0,0,0
2024-10-26,at,email,EUR,0.06,49,2,0
2024-10-26,at,google,EUR,0.31,10,1,0
2024-10-26,at,meta,EUR,3.68,523,3,0
2024-10-26,at,organic,EUR,0.00,0,0,0
2024-10-26,de,direct,EUR,0.00,0,0,0
2024-10-26,de,email,EUR,0.16,83,3,0
2024-10-26,de,google,EUR,2.66,92,4,0
2024-10-26,de,meta,EUR,25.37,3869,67,0
2024-10-26,de,organic,EUR,0.00,0,0,0
2024-10-26,fr,direct,EUR,0.00,0,0,0
2024-10-26,fr,email,EUR,0.22,258,10,0
2024-10-26,fr,google,EUR,2.20,81,3,0
2024-10-26,fr,meta,EUR,10.70,1329,13,0
2024-10-26,fr,organic,EUR,0.00,0,0,0
2024-10-27,at,direct,EUR,0.00,0,0,0
2024-10-27,at,email,EUR,0.04,44,0,0
2024-10-27,at,google,EUR,0.20,10,1,0
2024-10-27,at,meta,EUR,3.16,371,5,0
2024-10-27,at,organic,EUR,0.00,0,0,0
2024-10-27,de,direct,EUR,0.00,0,0,0
2024-10-27,de,email,EUR,0.17,109,6,0
2024-10-27,de,google,EUR,2.27,71,7,0
2024-10-27,de,meta,EUR,12.98,1391,24,0
2024-10-27,de,organic,EUR,0.00,0,0,0
2024-10-27,fr,direct,EUR,0.00,0,0,1
2024-10-27,fr,email,EUR,0.14,132,6,0
2024-10-27,fr,google,EUR,1.57,58,1,0
2024-10-27,fr,meta,EUR,9.78,1405,18,2
2024-10-27,fr,organic,EUR,0.00,0,0,0
2024-10-28,at,direct,EUR,0.00,0,0,0
2024-10-28,at,email,EUR,0.04,32,0,0
2024-10-28,at,google,EUR,0.41,16,0,0
2024-10-28,at,meta,EUR,2.88,291,5,0
2024-10-28,at,organic,EUR,0.00,0,0,0
2024-10-28,de,direct,EUR,0.00,0,0,0
2024-10-28,de,email,EUR,0.16,103,2,0
2024-10-28,de,google,EUR,2.79,142,7,0
2024-10-28,de,meta,EUR,23.67,2355,64,0
2024-10-28,de,organic,EUR,0.00,0,0,0
2024-10-28,fr,direct,EUR,0.00,0,0,0
2024-10-28,fr,email,EUR,0.16,160,3,0
2024-10-28,fr,google,EUR,2.66,99,6,0
2024-10-28,fr,meta,EUR,7.95,1316,22,0
2024-10-28,fr,organic,EUR,0.00,0,0,0
2024-10-29,at,direct,EUR,0.00,0,0,0
2024-10-29,at,email,EUR,0.03,32,1,0
2024-10-29,at,google,EUR,0.17,6,0,0
2024-10-29,at,meta,EUR,1.98,262,1,0
2024-10-29,at,organic,EUR,0.00,0,0,0
2024-10-29,de,direct,EUR,0.00,0,0,0
2024-10-29,de,email,EUR,0.13,65,2,0
2024-10-29,de,google,EUR,3.60,121,6,0
2024-10-29,de,meta,EUR,15.82,2600,51,0
2024-10-29,de,organic,EUR,0.00,0,0,0
2024-10-29,fr,direct,EUR,0.00,0,0,0
2024-10-29,fr,email,EUR,0.17,125,3,0
2024-10-29,fr,google,EUR,1.67,58,3,0
2024-10-29,fr,meta,EUR,13.48,1525,27,1
2024-10-29,fr,organic,EUR,0.00,0,0,0
2024-10-30,at,direct,EUR,0.00,0,0,0
2024-10-30,at,email,EUR,0.05,34,0,0
2024-10-30,at,google,EUR,0.41,13,0,0
2024-10-30,at,meta,EUR,2.41,204,2,0
2024-10-30,at,organic,EUR,0.00,0,0,0
2024-10-30,de,direct,EUR,0.00,0,0,0
2024-10-30,de,email,EUR,0.19,192,3,1
2024-10-30,de,google,EUR,1.87,54,1,0
2024-10-30,de,meta,EUR,15.46,1785,19,0
2024-10-30,de,organic,EUR,0.00,0,0,0
2024-10-30,fr,direct,EUR,0.00,0,0,0
2024-10-30,fr,email,EUR,0.16,148,7,0
2024-10-30,fr,google,EUR,2.22,66,2,0
2024-10-30,fr,meta,EUR,11.27,1040,12,0
2024-10-30,fr,organic,EUR,0.00,0,0,0
2024-10-31,at,direct,EUR,0.00,0,0,0
2024-10-31,at,email,EUR,0.04,19,1,0
2024-10-31,at,google,EUR,0.35,14,0,0
2024-10-31,at,meta,EUR,3.40,390,6,0
2024-10-31,at,organic,EUR,0.00,0,0,0
2024-10-31,de,direct,EUR,0.00,0,0,0
2024-10-31,de,email,EUR,0.20,161,7,0
2024-10-31,de,google,EUR,2.02,65,3,0
2024-10-31,de,meta,EUR,17.56,1957,14,0
2024-10-31,de,organic,EUR,0.00,0,0,0
2024-10-31,fr,direct,EUR,0.00,0,0,0
2024-10-31,fr,email,EUR,0.15,98,6,0
2024-10-31,fr,google,EUR,2.26,94,2,0
2024-10-31,fr,meta,EUR,14.09,1184,30,0
2024-10-31,fr,organic,EUR,0.00,0,0,0
2024-11-01,at,direct,EUR,0.00,0,0,0
2024-11-01,at,email,EUR,0.04,27,0,0
2024-11-01,at,google,EUR,0.61,25,0,0
2024-11-01,at,meta,EUR,4.68,727,14,0
2024-11-01,at,organic,EUR,0.00,0,0,0
2024-11-01,de,direct,EUR,0.00,0,0,0
2024-11-01,de,email,EUR,0.13,80,1,0
2024-11-01,de,google,EUR,3.89,128,2,0
2024-11-01,de,meta,EUR,29.30,3501,34,0
2024-11-01,de,organic,EUR,0.00,0,0,0
2024-11-01,fr,direct,EUR,0.00,0,0,0
2024-11-01,fr,email,EUR,0.27,220,5,0
2024-11-01,fr,google,EUR,3.07,99,4,1
2024-11-01,fr,meta,EUR,14.34,1581,8,0
2024-11-01,fr,organic,EUR,0.00,0,0,0
2024-11-02,at,direct,EUR,0.00,0,0,0
2024-11-02,at,email,EUR,0.06,66,0,0
2024-11-02,at,google,EUR,0.37,15,0,0
2024-11-02,at,meta,EUR,5.56,813,20,0
2024-11-02,at,organic,EUR,0.00,0,0,0
2024-11-02,de,direct,EUR,0.00,0,0,0
2024-11-02,de,email,EUR,0.15,162,2,0
2024-11-02,de,google,EUR,1.97,57,1,0
2024-11-02,de,meta,EUR,21.49,2074,37,0
2024-11-02,de,organic,EUR,0.00,0,0,0
2024-11-02,fr,direct,EUR,0.00,0,0,0
2024-11-02,fr,email,EUR,0.11,85,1,0
2024-11-02,fr,google,EUR,2.19,69,5,0
2024-11-02,fr,meta,EUR,16.20,1601,21,1
2024-11-02,fr,organic,EUR,0.00,0,0,0
2024-11-03,at,direct,EUR,0.00,0,0,0
2024-11-03,at,email,EUR,0.05,30,0,0
2024-11-03,at,google,EUR,0.37,18,1,0
2024-11-03,at,meta,EUR,3.01,346,7,0
2024-11-03,at,organic,EUR,0.00,0,0,0
2024-11-03,de,direct,EUR,0.00,0,0,0
2024-11-03,de,email,EUR,0.06,67,2,0
2024-11-03,de,google,EUR,2.15,74,2,1
2024-11-03,de,meta,EUR,12.62,1080,18,0
2024-11-03,de,organic,EUR,0.00,0,0,0
2024-11-03,fr,direct,EUR,0.00,0,0,0
2024-11-03,fr,email,EUR,0.14,78,0,0
2024-11-03,fr,google,EUR,2.03,78,2,0
2024-11-03,fr,meta,EUR,11.65,1528,18,0
2024-11-03,fr,organic,EUR,0.00,0,0,0
2024-11-04,at,direct,EUR,0.00,0,0,0
2024-11-04,at,email,EUR,0.06,38,0,0
2024-11-04,at,google,EUR,0.29,12,0,0
2024-11-04,at,meta,EUR,2.85,272,3,0
2024-11-04,at,organic,EUR,0.00,0,0,0
2024-11-04,de,direct,EUR,0.00,0,0,0
2024-11-04,de,email,EUR,0.10,57,2,0
2024-11-04,de,google,EUR,2.83,84,3,3
2024-11-04,de,meta,EUR,22.52,1948,35,0
2024-11-04,de,organic,EUR,0.00,0,0,0
2024-11-04,fr,direct,EUR,0.00,0,0,0
2024-11-04,fr,email,EUR,0.14,84,0,0
2024-11-04,fr,google,EUR,1.04,33,4,0
2024-11-04,fr,meta,EUR,9.92,1176,12,0
2024-11-04,fr,organic,EUR,0.00,0,0,0
2024-11-05,at,direct,EUR,0.00,0,0,0
2024-11-05,at,email,EUR,0.05,39,0,0
2024-11-05,at,google,EUR,0.36,15,1,0
2024-11-05,at,meta,EUR,3.45,466,7,0
2024-11-05,at,organic,EUR,0.00,0,0,0
2024-11-05,de,direct,EUR,0.00,0,0,0
2024-11-05,de,email,EUR,0.11,117,5,0
2024-11-05,de,google,EUR,3.23,116,8,0
2024-11-05,de,meta,EUR,34.24,2930,55,0
2024-11-05,de,organic,EUR,0.00,0,0,0
2024-11-05,fr,direct,EUR,0.00,0,0,0
2024-11-05,fr,email,EUR,0.19,132,3,0
2024-11-05,fr,google,EUR,1.13,35,3,0
2024-11-05,fr,meta,EUR,12.27,1027,8,0
2024-11-05,fr,organic,EUR,0.00,0,0,0
2024-11-06,at,direct,EUR,0.00,0,0,0
2024-11-06,at,email,EUR,0.04,19,1,1
2024-11-06,at,google,EUR,0.46,24,0,0
2024-11-06,at,meta,EUR,2.38,305,4,0
2024-11-06,at,organic,EUR,0.00,0,0,0
2024-11-06,de,direct,EUR,0.00,0,0,0
2024-11-06,de,email,EUR,0.15,153,9,0
2024-11-06,de,google,EUR,2.87,117,3,0
2024-11-06,de,meta,EUR,20.18,1844,40,0
2024-11-06,de,organic,EUR,0.00,0,0,0
2024-11-06,fr,direct,EUR,0.00,0,0,0
2024-11-06,fr,email,EUR,0.11,59,2,0
2024-11-06,fr,google,EUR,0.97,32,3,1
2024-11-06,fr,meta,EUR,13.12,1229,21,0
2024-11-06,fr,organic,EUR,0.00,0,0,0
2024-11-07,at,direct,EUR,0.00,0,0,0
2024-11-07,at,email,EUR,0.04,24,2,0
2024-11-07,at,google,EUR,0.33,18,0,0
2024-11-07,at,meta,EUR,2.86,277,6,0
2024-11-07,at,organic,EUR,0.00,0,0,0
2024-11-07,de,direct,EUR,0.00,0,0,0
2024-11-07,de,email,EUR,0.12,63,3,0
2024-11-07,de,google,EUR,2.77,94,3,0
2024-11-07,de,meta,EUR,28.26,3892,27,2
2024-11-07,de,organic,EUR,0.00,0,0,0
2024-11-07,fr,direct,EUR,0.00,0,0,0
2024-11-07,fr,email,EUR,0.16,88,3,0
2024-11-07,fr,google,EUR,2.52,119,9,1
2024-11-07,fr,meta,EUR,6.08,553,6,0
2024-11-07,fr,organic,EUR,0.00,0,0,1
2024-11-08,at,direct,EUR,0.00,0,0,0
2024-11-08,at,email,EUR,0.05,42,2,0
2024-11-08,at,google,EUR,0.55,26,0,0
2024-11-08,at,meta,EUR,2.54,366,1,0
2024-11-08,at,organic,EUR,0.00,0,0,0
2024-11-08,de,direct,EUR,0.00,0,0,0
2024-11-08,de,email,EUR,0.14,118,5,0
2024-11-08,de,google,EUR,4.33,181,8,0
2024-11-08,de,meta,EUR,28.96,3470,38,0
2024-11-08,de,organic,EUR,0.00,0,0,0
2024-11-08,fr,direct,EUR,0.00,0,0,0
2024-11-08,fr,email,EUR,0.19,173,1,0
2024-11-08,fr,google,EUR,2.65,85,5,0
2024-11-08,fr,meta,EUR,16.62,1408,15,0
2024-11-08,fr,organic,EUR,0.00,0,0,0
2024-11-09,at,direct,EUR,0.00,0,0,0
2024-11-09,at,email,EUR,0.05,28,1,0
2024-11-09,at,google,EUR,0.32,10,0,0
2024-11-09,at,meta,EUR,2.35,249,1,0
2024-11-09,at,organic,EUR,0.00,0,0,0
2024-11-09,de,direct,EUR,0.00,0,0,0
2024-11-09,de,email,EUR,0.12,88,0,0
2024-11-09,de,google,EUR,3.85,138,6,0
2024-11-09,de,meta,EUR,18.65,1556,11,0
2024-11-09,de,organic,EUR,0.00,0,0,0
2024-11-09,fr,direct,EUR,0.00,0,0,0
2024-11-09,fr,email,EUR,0.29,154,5,0
2024-11-09,fr,google,EUR,2.99,102,4,0
2024-11-09,fr,meta,EUR,15.09,1850,28,0
2024-11-09,fr,organic,EUR,0.00,0,0,0
2024-11-10,at,direct,EUR,0.00,0,0,0
2024-11-10,at,email,EUR,0.03,18,0,0
2024-11-10,at,google,EUR,0.33,11,0,0
2024-11-10,at,meta,EUR,2.63,232,5,0
2024-11-10,at,organic,EUR,0.00,0,0,0
2024-11-10,de,direct,EUR,0.00,0,0,0
2024-11-10,de,email,EUR,0.13,147,4,0
2024-11-10,de,google,EUR,2.03,100,0,0
2024-11-10,de,meta,EUR,15.66,1429,13,0
2024-11-10,de,organic,EUR,0.00,0,0,0
2024-11-10,fr,direct,EUR,0.00,0,0,0
2024-11-10,fr,email,EUR,0.16,106,2,0
2024-11-10,fr,google,EUR,1.29,56,5,0
2024-11-10,fr,meta,EUR,11.87,1029,21,0
2024-11-10,fr,organic,EUR,0.00,0,0,0
2024-11-11,at,direct,EUR,0.00,0,0,0
2024-11-11,at,email,EUR,0.04,23,2,0
2024-11-11,at,google,EUR,0.43,23,1,0
2024-11-11,at,meta,EUR,2.76,317,4,0
2024-11-11,at,organic,EUR,0.00,0,0,0
2024-11-11,de,direct,EUR,0.00,0,0,1
2024-11-11,de,email,EUR,0.15,107,3,0
2024-11-11,de,google,EUR,2.73,117,8,0
2024-11-11,de,meta,EUR,11.61,1057,5,0
2024-11-11,de,organic,EUR,0.00,0,0,0
2024-11-11,fr,direct,EUR,0.00,0,0,0
2024-11-11,fr,email,EUR,0.11,57,1,0
2024-11-11,fr,google,EUR,1.47,63,5,0
2024-11-11,fr,meta,EUR,7.48,878,10,0
2024-11-11,fr,organic,EUR,0.00,0,0,0
2024-11-12,at,direct,EUR,0.00,0,0,0
2024-11-12,at,email,EUR,0.04,44,1,0
2024-11-12,at,google,EUR,0.42,17,0,0
2024-11-12,at,meta,EUR,3.39,406,8,0
2024-11-12,at,organic,EUR,0.00,0,0,0
2024-11-12,de,direct,EUR,0.00,0,0,0
2024-11-12,de,email,EUR,0.16,197,6,0
2024-11-12,de,google,EUR,3.20,132,7,0
2024-11-12,de,meta,EUR,16.93,1745,38,0
2024-11-12,de,organic,EUR,0.00,0,0,0
2024-11-12,fr,direct,EUR,0.00,0,0,0
2024-11-12,fr,email,EUR,0.14,83,0,0
2024-11-12,fr,google,EUR,1.77,65,3,0
2024-11-12,fr,meta,EUR,10.56,1599,14,0
2024-11-12,fr,organic,EUR,0.00,0,0,0
2024-11-13,at,direct,EUR,0.00,0,0,0
2024-11-13,at,email,EUR,0.03,22,0,0
2024-11-13,at,google,EUR,0.65,32,1,0
2024-11-13,at,meta,EUR,3.42,518,5,0
2024-11-13,at,organic,EUR,0.00,0,0,0
2024-11-13,de,direct,EUR,0.00,0,0,1
2024-11-13,de,email,EUR,0.15,79,3,0
2024-11-13,de,google,EUR,5.02,248,7,0
2024-11-13,de,meta,EUR,15.70,1721,23,0
2024-11-13,de,organic,EUR,0.00,0,0,0
2024-11-13,fr,direct,EUR,0.00,0,0,0
2024-11-13,fr,email,EUR,0.23,203,6,0
2024-11-13,fr,google,EUR,2.98,147,5,1
2024-11-13,fr,meta,EUR,8.81,1033,17,0
2024-11-13,fr,organic,EUR,0.00,0,0,1
2024-11-14,at,direct,EUR,0.00,0,0,0
2024-11-14,at,email,EUR,0.04,21,0,0
2024-11-14,at,google,EUR,0.30,10,0,0
2024-11-14,at,meta,EUR,3.22,368,4,0
2024-11-14,at,organic,EUR,0.00,0,0,0
2024-11-14,de,direct,EUR,0.00,0,0,0
2024-11-14,de,email,EUR,0.10,52,4,0
2024-11-14,de,google,EUR,3.91,171,9,0
2024-11-14,de,meta,EUR,17.30,1570,26,0
2024-11-14,de,organic,EUR,0.00,0,0,0
2024-11-14,fr,direct,EUR,0.00,0,0,0
2024-11-14,fr,email,EUR,0.13,74,1,0
2024-11-14,fr,google,EUR,3.31,148,15,0
2024-11-14,fr,meta,EUR,15.74,2305,18,0
2024-11-14,fr,organic,EUR,0.00,0,0,0
2024-11-15,at,direct,EUR,0.00,0,0,0
2024-11-15,at,email,EUR,0.05,50,2,0
2024-11-15,at,google,EUR,0.27,14,3,0
2024-11-15,at,meta,EUR,3.84,500,7,0
2024-11-15,at,organic,EUR,0.00,0,0,0
2024-11-15,de,direct,EUR,0.00,0,0,0
2024-11-15,de,email,EUR,0.14,134,5,1
2024-11-15,de,google,EUR,4.84,243,14,0
2024-11-15,de,meta,EUR,16.95,2443,50,0
2024-11-15,de,organic,EUR,0.00,0,0,0
2024-11-15,fr,direct,EUR,0.00,0,0,0
2024-11-15,fr,email,EUR,0.19,177,4,0
2024-11-15,fr,google,EUR,2.75,93,4,0
2024-11-15,fr,meta,EUR,8.98,1488,26,0
2024-11-15,fr,organic,EUR,0.00,0,0,0
2024-11-16,at,direct,EUR,0.00,0,0,0
2024-11-16,at,email,EUR,0.05,26,0,0
2024-11-16,at,google,EUR,0.32,12,2,0
2024-11-16,at,meta,EUR,3.38,329,2,0
2024-11-16,at,organic,EUR,0.00,0,0,0
2024-11-16,de,direct,EUR,0.00,0,0,0
2024-11-16,de,email,EUR,0.16,167,2,0
2024-11-16,de,google,EUR,2.95,160,8,0
2024-11-16,de,meta,EUR,20.52,2143,32,0
2024-11-16,de,organic,EUR,0.00,0,0,0
2024-11-16,fr,direct,EUR,0.00,0,0,0
2024-11-16,fr,email,EUR,0.21,105,5,1
2024-11-16,fr,google,EUR,2.52,103,5,0
2024-11-16,fr,meta,EUR,10.92,1078,19,0
2024-11-16,fr,organic,EUR,0.00,0,0,0
2024-11-17,at,direct,EUR,0.00,0,0,0
2024-11-17,at,email,EUR,0.03,20,1,0
2024-11-17,at,google,EUR,0.37,20,2,0
2024-11-17,at,meta,EUR,2.69,260,4,0
2024-11-17,at,organic,EUR,0.00,0,0,0
2024-11-17,de,direct,EUR,0.00,0,0,0
2024-11-17,de,email,EUR,0.11,63,4,0
2024-11-17,de,google,EUR,2.10,71,3,0
2024-11-17,de,meta,EUR,18.23,1894,19,0
2024-11-17,de,organic,EUR,0.00,0,0,0
2024-11-17,fr,direct,EUR,0.00,0,0,0
2024-11-17,fr,email,EUR,0.13,69,1,0
2024-11-17,fr,google,EUR,2.37,83,7,0
2024-11-17,fr,meta,EUR,11.77,1503,11,0
2024-11-17,fr,organic,EUR,0.00,0,0,0
2024-11-18,at,direct,EUR,0.00,0,0,0
2024-11-18,at,email,EUR,0.04,37,1,0
2024-11-18,at,google,EUR,0.38,19,0,0
2024-11-18,at,meta,EUR,2.10,349,2,0
2024-11-18,at,organic,EUR,0.00,0,0,0
2024-11-18,de,direct,EUR,0.00,0,0,0
2024-11-18,de,email,EUR,0.14,137,8,0
2024-11-18,de,google,EUR,2.52,81,1,0
2024-11-18,de,meta,EUR,16.45,1494,15,0
2024-11-18,de,organic,EUR,0.00,0,0,0
2024-11-18,fr,direct,EUR,0.00,0,0,0
2024-11-18,fr,email,EUR,0.35,306,3,0
2024-11-18,fr,google,EUR,1.61,72,3,0
2024-11-18,fr,meta,EUR,9.11,1515,18,0
2024-11-18,fr,organic,EUR,0.00,0,0,0
2024-11-19,at,direct,EUR,0.00,0,0,0
2024-11-19,at,email,EUR,0.03,22,0,0
2024-11-19,at,google,EUR,0.36,13,0,0
2024-11-19,at,meta,EUR,3.08,335,4,0
2024-11-19,at,organic,EUR,0.00,0,0,0
2024-11-19,de,direct,EUR,0.00,0,0,0
2024-11-19,de,email,EUR,0.22,153,6,0
2024-11-19,de,google,EUR,2.73,107,8,1
2024-11-19,de,meta,EUR,10.29,1098,13,0
2024-11-19,de,organic,EUR,0.00,0,0,0
2024-11-19,fr,direct,EUR,0.00,0,0,0
2024-11-19,fr,email,EUR,0.15,154,3,0
2024-11-19,fr,google,EUR,1.63,56,6,0
2024-11-19,fr,meta,EUR,8.79,1199,27,0
2024-11-19,fr,organic,EUR,0.00,0,0,0
2024-11-20,at,direct,EUR,0.00,0,0,0
2024-11-20,at,email,EUR,0.05,26,0,0
2024-11-20,at,google,EUR,0.26,8,1,0
2024-11-20,at,meta,EUR,3.55,491,3,0
2024-11-20,at,organic,EUR,0.00,0,0,0
2024-11-20,de,direct,EUR,0.00,0,0,0
2024-11-20,de,email,EUR,0.19,136,6,0
2024-11-20,de,google,EUR,2.22,122,3,0
2024-11-20,de,meta,EUR,15.15,2162,31,0
2024-11-20,de,organic,EUR,0.00,0,0,0
2024-11-20,fr,direct,EUR,0.00,0,0,1
2024-11-20,fr,email,EUR,0.20,101,1,0
2024-11-20,fr,google,EUR,1.86,60,3,0
2024-11-20,fr,meta,EUR,16.05,1689,23,0
2024-11-20,fr,organic,EUR,0.00,0,0,0
2024-11-21,at,direct,EUR,0.00,0,0,0
2024-11-21,at,email,EUR,0.04,23,0,0
2024-11-21,at,google,EUR,0.47,19,3,0
2024-11-21,at,meta,EUR,2.45,347,0,0
2024-11-21,at,organic,EUR,0.00,0,0,0
2024-11-21,de,direct,EUR,0.00,0,0,0
2024-11-21,de,email,EUR,0.12,77,3,0
2024-11-21,de,google,EUR,4.52,155,6,0
2024-11-21,de,meta,EUR,12.37,1464,21,0
2024-11-21,de,organic,EUR,0.00,0,0,0
2024-11-21,fr,direct,EUR,0.00,0,0,0
2024-11-21,fr,email,EUR,0.14,73,3,0
2024-11-21,fr,google,EUR,1.49,59,3,3
2024-11-21,fr,meta,EUR,16.73,1679,29,0
2024-11-21,fr,organic,EUR,0.00,0,0,0
2024-11-22,at,direct,EUR,0.00,0,0,0
2024-11-22,at,email,EUR,0.03,26,0,0
2024-11-22,at,google,EUR,0.28,9,0,0
2024-11-22,at,meta,EUR,3.30,329,3,0
2024-11-22,at,organic,EUR,0.00,0,0,0
2024-11-22,de,direct,EUR,0.00,0,0,0
2024-11-22,de,email,EUR,0.21,201,7,0
2024-11-22,de,google,EUR,4.38,240,11,0
2024-11-22,de,meta,EUR,22.84,2294,33,0
2024-11-22,de,organic,EUR,0.00,0,0,0
2024-11-22,fr,direct,EUR,0.00,0,0,0
2024-11-22,fr,email,EUR,0.23,192,8,0
2024-11-22,fr,google,EUR,2.06,82,5,0
2024-11-22,fr,meta,EUR,17.00,2489,46,0
2024-11-22,fr,organic,EUR,0.00,0,0,0
2024-11-23,at,direct,EUR,0.00,0,0,0
2024-11-23,at,email,EUR,0.07,64,1,0
2024-11-23,at,google,EUR,0.61,30,1,0
2024-11-23,at,meta,EUR,2.84,406,9,0
2024-11-23,at,organic,EUR,0.00,0,0,0
2024-11-23,de,direct,EUR,0.00,0,0,1
2024-11-23,de,email,EUR,0.22,125,3,0
2024-11-23,de,google,EUR,3.23,95,1,0
2024-11-23,de,meta,EUR,26.01,3702,70,0
2024-11-23,de,organic,EUR,0.00,0,0,0
2024-11-23,fr,direct,EUR,0.00,0,0,0
2024-11-23,fr,email,EUR,0.27,187,6,0
2024-11-23,fr,google,EUR,1.63,61,2,0
2024-11-23,fr,meta,EUR,18.61,1941,14,1
2024-11-23,fr,organic,EUR,0.00,0,0,0
2024-11-24,at,direct,EUR,0.00,0,0,0
2024-11-24,at,email,EUR,0.06,68,1,0
2024-11-24,at,google,EUR,1.55,49,2,0
2024-11-24,at,meta,EUR,4.47,440,7,0
2024-11-24,at,organic,EUR,0.00,0,0,0
2024-11-24,de,direct,EUR,0.00,0,0,0
2024-11-24,de,email,EUR,0.21,243,7,0
2024-11-24,de,google,EUR,6.56,203,7,0
2024-11-24,de,meta,EUR,36.92,4031,72,2
2024-11-24,de,organic,EUR,0.00,0,0,0
2024-11-24,fr,direct,EUR,0.00,0,0,0
2024-11-24,fr,email,EUR,0.27,224,13,0
2024-11-24,fr,google,EUR,4.74,223,14,0
2024-11-24,fr,meta,EUR,20.57,2062,36,0
2024-11-24,fr,organic,EUR,0.00,0,0,0
2024-11-25,at,direct,EUR,0.00,0,0,0
2024-11-25,at,email,EUR,0.05,41,1,0
2024-11-25,at,google,EUR,0.81,34,1,0
2024-11-25,at,meta,EUR,4.10,551,9,1
2024-11-25,at,organic,EUR,0.00,0,0,0
2024-11-25,de,direct,EUR,0.00,0,0,1
2024-11-25,de,email,EUR,0.39,341,13,0
2024-11-25,de,google,EUR,6.35,301,10,0
2024-11-25,de,meta,EUR,29.63,4656,40,0
2024-11-25,de,organic,EUR,0.00,0,0,1
2024-11-25,fr,direct,EUR,0.00,0,0,0
2024-11-25,fr,email,EUR,0.34,218,4,0
2024-11-25,fr,google,EUR,4.51,150,3,0
2024-11-25,fr,meta,EUR,22.76,1901,31,0
2024-11-25,fr,organic,EUR,0.00,0,0,0
2024-11-26,at,direct,EUR,0.00,0,0,0
2024-11-26,at,email,EUR,0.06,41,0,0
2024-11-26,at,google,EUR,0.91,48,0,0
2024-11-26,at,meta,EUR,8.87,947,6,1
2024-11-26,at,organic,EUR,0.00,0,0,0
2024-11-26,de,direct,EUR,0.00,0,0,0
2024-11-26,de,email,EUR,0.30,190,6,0
2024-11-26,de,google,EUR,7.78,376,18,0
2024-11-26,de,meta,EUR,42.65,6946,115,0
2024-11-26,de,organic,EUR,0.00,0,0,0
2024-11-26,fr,direct,EUR,0.00,0,0,0
2024-11-26,fr,email,EUR,0.28,233,7,0
2024-11-26,fr,google,EUR,6.21,321,17,0
2024-11-26,fr,meta,EUR,21.04,1951,14,0
2024-11-26,fr,organic,EUR,0.00,0,0,0
2024-11-27,at,direct,EUR,0.00,0,0,0
2024-11-27,at,email,EUR,0.06,44,1,0
2024-11-27,at,google,EUR,0.69,31,3,0
2024-11-27,at,meta,EUR,8.79,921,11,0
2024-11-27,at,organic,EUR,0.00,0,0,0
2024-11-27,de,direct,EUR,0.00,0,0,0
2024-11-27,de,email,EUR,0.22,255,10,0
2024-11-27,de,google,EUR,4.41,153,6,0
2024-11-27,de,meta,EUR,36.21,5765,65,0
2024-11-27,de,organic,EUR,0.00,0,0,0
2024-11-27,fr,direct,EUR,0.00,0,0,0
2024-11-27,fr,email,EUR,0.27,321,9,0
2024-11-27,fr,google,EUR,2.61,104,7,0
2024-11-27,fr,meta,EUR,28.28,4707,86,0
2024-11-27,fr,organic,EUR,0.00,0,0,0
2024-11-28,at,direct,EUR,0.00,0,0,0
2024-11-28,at,email,EUR,0.09,47,1,0
2024-11-28,at,google,EUR,0.48,21,0,0
2024-11-28,at,meta,EUR,7.73,1003,8,0
2024-11-28,at,organic,EUR,0.00,0,0,0
2024-11-28,de,direct,EUR,0.00,0,0,0
2024-11-28,de,email,EUR,0.39,334,3,0
2024-11-28,de,google,EUR,6.51,262,12,0
2024-11-28,de,meta,EUR,30.52,2963,54,0
2024-11-28,de,organic,EUR,0.00,0,0,0
2024-11-28,fr,direct,EUR,0.00,0,0,0
2024-11-28,fr,email,EUR,0.54,297,16,0
2024-11-28,fr,google,EUR,7.75,257,10,0
2024-11-28,fr,meta,EUR,23.64,3090,47,1
2024-11-28,fr,organic,EUR,0.00,0,0,1
2024-11-29,at,direct,EUR,0.00,0,0,0
2024-11-29,at,email,EUR,0.09,48,2,0
2024-11-29,at,google,EUR,0.75,22,0,0
2024-11-29,at,meta,EUR,12.92,1902,29,0
2024-11-29,at,organic,EUR,0.00,0,0,0
2024-11-29,de,direct,EUR,0.00,0,0,1
2024-11-29,de,email,EUR,0.40,295,8,0
2024-11-29,de,google,EUR,7.26,241,9,1
2024-11-29,de,meta,EUR,58.33,8203,114,0
2024-11-29,de,organic,EUR,0.00,0,0,0
2024-11-29,fr,direct,EUR,0.00,0,0,0
2024-11-29,fr,email,EUR,0.37,260,14,0
2024-11-29,fr,google,EUR,2.97,129,2,0
2024-11-29,fr,meta,EUR,26.45,3680,37,2
2024-11-29,fr,organic,EUR,0.00,0,0,0
2024-11-30,at,direct,EUR,0.00,0,0,0
2024-11-30,at,email,EUR,0.09,50,2,0
2024-11-30,at,google,EUR,0.68,20,2,0
2024-11-30,at,meta,EUR,7.12,865,17,1
2024-11-30,at,organic,EUR,0.00,0,0,0
2024-11-30,de,direct,EUR,0.00,0,0,0
2024-11-30,de,email,EUR,0.37,323,6,0
2024-11-30,de,google,EUR,9.39,355,15,0
2024-11-30,de,meta,EUR,62.88,6963,92,0
2024-11-30,de,organic,EUR,0.00,0,0,0
2024-11-30,fr,direct,EUR,0.00,0,0,0
2024-11-30,fr,email,EUR,0.22,127,7,0
2024-11-30,fr,google,EUR,3.50,137,9,0
2024-11-30,fr,meta,EUR,37.99,3865,66,0
2024-11-30,fr,organic,EUR,0.00,0,0,0
2024-12-01,at,direct,EUR,0.00,0,0,0
2024-12-01,at,email,EUR,0.04,27,1,0
2024-12-01,at,google,EUR,0.22,9,1,0
2024-12-01,at,meta,EUR,6.78,1104,12,0
2024-12-01,at,organic,EUR,0.00,0,0,0
2024-12-01,de,direct,EUR,0.00,0,0,0
2024-12-01,de,email,EUR,0.14,151,4,0
2024-12-01,de,google,EUR,2.34,127,3,0
2024-12-01,de,meta,EUR,23.69,3539,57,1
2024-12-01,de,organic,EUR,0.00,0,0,0
2024-12-01,fr,direct,EUR,0.00,0,0,0
2024-12-01,fr,email,EUR,0.28,239,6,0
2024-12-01,fr,google,EUR,1.51,53,1,0
2024-12-01,fr,meta,EUR,16.41,1829,34,0
2024-12-01,fr,organic,EUR,0.00,0,0,0
2024-12-02,at,direct,EUR,0.00,0,0,0
2024-12-02,at,email,EUR,0.04,29,1,0
2024-12-02,at,google,EUR,0.63,23,0,0
2024-12-02,at,meta,EUR,2.80,241,3,0
2024-12-02,at,organic,EUR,0.00,0,0,0
2024-12-02,de,direct,EUR,0.00,0,0,0
2024-12-02,de,email,EUR,0.13,85,1,0
2024-12-02,de,google,EUR,1.46,44,0,0
2024-12-02,de,meta,EUR,16.30,1459,17,0
2024-12-02,de,organic,EUR,0.00,0,0,0
2024-12-02,fr,direct,EUR,0.00,0,0,0
2024-12-02,fr,email,EUR,0.14,105,5,0
2024-12-02,fr,google,EUR,2.96,125,6,0
2024-12-02,fr,meta,EUR,14.22,1467,27,0
2024-12-02,fr,organic,EUR,0.00,0,0,0
2024-12-03,at,direct,EUR,0.00,0,0,0
2024-12-03,at,email,EUR,0.05,29,1,0
2024-12-03,at,google,EUR,0.43,13,0,0
2024-12-03,at,meta,EUR,3.41,319,3,0
2024-12-03,at,organic,EUR,0.00,0,0,0
2024-12-03,de,direct,EUR,0.00,0,0,0
2024-12-03,de,email,EUR,0.20,114,2,0
2024-12-03,de,google,EUR,2.36,113,4,0
2024-12-03,de,meta,EUR,29.42,4313,73,1
2024-12-03,de,organic,EUR,0.00,0,0,0
2024-12-03,fr,direct,EUR,0.00,0,0,0
2024-12-03,fr,email,EUR,0.18,90,5,0
2024-12-03,fr,google,EUR,2.25,106,12,0
2024-12-03,fr,meta,EUR,22.82,2103,19,1
2024-12-03,fr,organic,EUR,0.00,0,0,0
2024-12-04,at,direct,EUR,0.00,0,0,0
2024-12-04,at,email,EUR,0.05,45,1,0
2024-12-04,at,google,EUR,0.47,18,0,0
2024-12-04,at,meta,EUR,2.96,350,5,0
2024-12-04,at,organic,EUR,0.00,0,0,0
2024-12-04,de,direct,EUR,0.00,0,0,0
2024-12-04,de,email,EUR,0.17,130,3,0
2024-12-04,de,google,EUR,3.38,140,8,0
2024-12-04,de,meta,EUR,18.74,2070,14,0
2024-12-04,de,organic,EUR,0.00,0,0,0
2024-12-04,fr,direct,EUR,0.00,0,0,1
2024-12-04,fr,email,EUR,0.33,186,5,0
2024-12-04,fr,google,EUR,2.06,85,5,0
2024-12-04,fr,meta,EUR,11.35,1593,25,0
2024-12-04,fr,organic,EUR,0.00,0,0,0
2024-12-05,at,direct,EUR,0.00,0,0,0
2024-12-05,at,email,EUR,0.05,62,1,0
2024-12-05,at,google,EUR,0.39,18,1,0
2024-12-05,at,meta,EUR,3.83,571,9,0
2024-12-05,at,organic,EUR,0.00,0,0,0
2024-12-05,de,direct,EUR,0.00,0,0,0
2024-12-05,de,email,EUR,0.19,211,3,0
2024-12-05,de,google,EUR,3.61,107,4,0
2024-12-05,de,meta,EUR,27.24,3602,37,0
2024-12-05,de,organic,EUR,0.00,0,0,0
2024-12-05,fr,direct,EUR,0.00,0,0,0
2024-12-05,fr,email,EUR,0.20,246,9,0
2024-12-05,fr,google,EUR,1.80,72,4,1
2024-12-05,fr,meta,EUR,8.32,1295,22,0
2024-12-05,fr,organic,EUR,0.00,0,0,0
2024-12-06,at,direct,EUR,0.00,0,0,0
2024-12-06,at,email,EUR,0.03,25,1,0
2024-12-06,at,google,EUR,0.45,16,1,0
2024-12-06,at,meta,EUR,4.79,748,10,0
2024-12-06,at,organic,EUR,0.00,0,0,0
2024-12-06,de,direct,EUR,0.00,0,0,0
2024-12-06,de,email,EUR,0.22,180,4,0
2024-12-06,de,google,EUR,6.38,313,16,0
2024-12-06,de,meta,EUR,20.89,2071,27,0
2024-12-06,de,organic,EUR,0.00,0,0,1
2024-12-06,fr,direct,EUR,0.00,0,0,0
2024-12-06,fr,email,EUR,0.21,113,4,0
2024-12-06,fr,google,EUR,1.64,53,3,0
2024-12-06,fr,meta,EUR,19.46,2441,33,1
2024-12-06,fr,organic,EUR,0.00,0,0,0
2024-12-07,at,direct,EUR,0.00,0,0,0
2024-12-07,at,email,EUR,0.05,38,0,0
2024-12-07,at,google,EUR,0.66,28,2,0
2024-12-07,at,meta,EUR,3.80,566,7,0
2024-12-07,at,organic,EUR,0.00,0,0,0
2024-12-07,de,direct,EUR,0.00,0,0,0
2024-12-07,de,email,EUR,0.14,159,4,0
2024-12-07,de,google,EUR,4.83,151,3,0
2024-12-07,de,meta,EUR,23.98,3254,73,0
2024-12-07,de,organic,EUR,0.00,0,0,0
2024-12-07,fr,direct,EUR,0.00,0,0,1
2024-12-07,fr,email,EUR,0.16,157,2,0
2024-12-07,fr,google,EUR,3.68,171,5,0
2024-12-07,fr,meta,EUR,13.13,1164,13,1
2024-12-07,fr,organic,EUR,0.00,0,0,0
2024-12-08,at,direct,EUR,0.00,0,0,0
2024-12-08,at,email,EUR,0.02,14,1,0
2024-12-08,at,google,EUR,0.34,15,2,0
2024-12-08,at,meta,EUR,4.65,391,5,0
2024-12-08,at,organic,EUR,0.00,0,0,0
2024-12-08,de,direct,EUR,0.00,0,0,0
2024-12-08,de,email,EUR,0.11,84,2,0
2024-12-08,de,google,EUR,2.89,106,5,0
2024-12-08,de,meta,EUR,8.62,1071,15,0
2024-12-08,de,organic,EUR,0.00,0,0,0
2024-12-08,fr,direct,EUR,0.00,0,0,0
2024-12-08,fr,email,EUR,0.10,56,0,0
2024-12-08,fr,google,EUR,2.31,76,3,0
2024-12-08,fr,meta,EUR,10.59,992,9,0
2024-12-08,fr,organic,EUR,0.00,0,0,0
2024-12-09,at,direct,EUR,0.00,0,0,0
2024-12-09,at,email,EUR,0.04,46,1,0
2024-12-09,at,google,EUR,0.44,21,2,0
2024-12-09,at,meta,EUR,3.22,446,6,0
2024-12-09,at,organic,EUR,0.00,0,0,0
2024-12-09,de,direct,EUR,0.00,0,0,1
2024-12-09,de,email,EUR,0.08,64,0,0
2024-12-09,de,google,EUR,3.07,142,3,0
2024-12-09,de,meta,EUR,17.87,1799,29,0
2024-12-09,de,organic,EUR,0.00,0,0,1
2024-12-09,fr,direct,EUR,0.00,0,0,0
2024-12-09,fr,email,EUR,0.17,109,2,0
2024-12-09,fr,google,EUR,3.00,96,3,0
2024-12-09,fr,meta,EUR,7.42,651,10,0
2024-12-09,fr,organic,EUR,0.00,0,0,0
2024-12-10,at,direct,EUR,0.00,0,0,0
2024-12-10,at,email,EUR,0.06,33,0,0
2024-12-10,at,google,EUR,0.54,26,2,0
2024-12-10,at,meta,EUR,4.97,560,1,0
2024-12-10,at,organic,EUR,0.00,0,0,0
2024-12-10,de,direct,EUR,0.00,0,0,0
2024-12-10,de,email,EUR,0.28,145,5,0
2024-12-10,de,google,EUR,6.60,304,12,1
2024-12-10,de,meta,EUR,30.77,2734,34,0
2024-12-10,de,organic,EUR,0.00,0,0,0
2024-12-10,fr,direct,EUR,0.00,0,0,0
2024-12-10,fr,email,EUR,0.31,365,9,0
2024-12-10,fr,google,EUR,3.44,190,6,0
2024-12-10,fr,meta,EUR,14.75,1429,30,0
2024-12-10,fr,organic,EUR,0.00,0,0,0
2024-12-11,at,direct,EUR,0.00,0,0,0
2024-12-11,at,email,EUR,0.09,55,1,0
2024-12-11,at,google,EUR,0.55,22,1,0
2024-12-11,at,meta,EUR,3.68,598,8,0
2024-12-11,at,organic,EUR,0.00,0,0,0
2024-12-11,de,direct,EUR,0.00,0,0,0
2024-12-11,de,email,EUR,0.17,110,2,0
2024-12-11,de,google,EUR,4.18,149,11,0
2024-12-11,de,meta,EUR,27.87,3703,65,0
2024-12-11,de,organic,EUR,0.00,0,0,0
2024-12-11,fr,direct,EUR,0.00,0,0,0
2024-12-11,fr,email,EUR,0.32,344,10,0
2024-12-11,fr,google,EUR,1.46,54,4,0
2024-12-11,fr,meta,EUR,12.96,1752,28,0
2024-12-11,fr,organic,EUR,0.00,0,0,0
2024-12-12,at,direct,EUR,0.00,0,0,0
2024-12-12,at,email,EUR,0.09,67,2,0
2024-12-12,at,google,EUR,0.41,15,1,0
2024-12-12,at,meta,EUR,5.64,778,8,0
2024-12-12,at,organic,EUR,0.00,0,0,0
2024-12-12,de,direct,EUR,0.00,0,0,0
2024-12-12,de,email,EUR,0.27,149,4,0
2024-12-12,de,google,EUR,4.93,142,6,0
2024-12-12,de,meta,EUR,54.98,5759,80,1
2024-12-12,de,organic,EUR,0.00,0,0,1
2024-12-12,fr,direct,EUR,0.00,0,0,0
2024-12-12,fr,email,EUR,0.26,199,7,0
2024-12-12,fr,google,EUR,2.28,67,9,0
2024-12-12,fr,meta,EUR,18.38,2459,23,0
2024-12-12,fr,organic,EUR,0.00,0,0,0
2024-12-13,at,direct,EUR,0.00,0,0,0
2024-12-13,at,email,EUR,0.08,44,0,0
2024-12-13,at,google,EUR,0.38,15,1,0
2024-12-13,at,meta,EUR,5.19,458,5,0
2024-12-13,at,organic,EUR,0.00,0,0,0
2024-12-13,de,direct,EUR,0.00,0,0,0
2024-12-13,de,email,EUR,0.31,347,6,0
2024-12-13,de,google,EUR,4.03,145,8,0
2024-12-13,de,meta,EUR,24.91,2282,26,0
2024-12-13,de,organic,EUR,0.00,0,0,0
2024-12-13,fr,direct,EUR,0.00,0,0,0
2024-12-13,fr,email,EUR,0.33,206,3,0
2024-12-13,fr,google,EUR,4.14,224,6,0
2024-12-13,fr,meta,EUR,20.23,2712,55,0
2024-12-13,fr,organic,EUR,0.00,0,0,0
2024-12-14,at,direct,EUR,0.00,0,0,0
2024-12-14,at,email,EUR,0.07,41,3,0
2024-12-14,at,google,EUR,0.66,35,1,0
2024-12-14,at,meta,EUR,4.75,630,11,0
2024-12-14,at,organic,EUR,0.00,0,0,0
2024-12-14,de,direct,EUR,0.00,0,0,0
2024-12-14,de,email,EUR,0.35,358,10,0
2024-12-14,de,google,EUR,9.01,438,27,0
2024-12-14,de,meta,EUR,31.41,3300,39,0
2024-12-14,de,organic,EUR,0.00,0,0,0
2024-12-14,fr,direct,EUR,0.00,0,0,0
2024-12-14,fr,email,EUR,0.20,105,3,0
2024-12-14,fr,google,EUR,3.40,108,4,1
2024-12-14,fr,meta,EUR,24.65,2220,39,0
2024-12-14,fr,organic,EUR,0.00,0,0,0
2024-12-15,at,direct,EUR,0.00,0,0,0
2024-12-15,at,email,EUR,0.06,62,2,0
2024-12-15,at,google,EUR,0.51,15,0,0
2024-12-15,at,meta,EUR,3.14,291,4,0
2024-12-15,at,organic,EUR,0.00,0,0,0
2024-12-15,de,direct,EUR,0.00,0,0,0
2024-12-15,de,email,EUR,0.14,97,2,0
2024-12-15,de,google,EUR,4.60,135,11,0
2024-12-15,de,meta,EUR,19.70,2937,35,2
2024-12-15,de,organic,EUR,0.00,0,0,2
2024-12-15,fr,direct,EUR,0.00,0,0,0
2024-12-15,fr,email,EUR,0.27,339,5,0
2024-12-15,fr,google,EUR,2.23,108,11,0
2024-12-15,fr,meta,EUR,24.18,2467,19,0
2024-12-15,fr,organic,EUR,0.00,0,0,0
2024-12-16,at,direct,EUR,0.00,0,0,0
2024-12-16,at,email,EUR,0.05,39,2,0
2024-12-16,at,google,EUR,0.37,17,1,0
2024-12-16,at,meta,EUR,9.68,1432,19,0
2024-12-16,at,organic,EUR,0.00,0,0,0
2024-12-16,de,direct,EUR,0.00,0,0,0
2024-12-16,de,email,EUR,0.22,247,7,0
2024-12-16,de,google,EUR,3.63,124,4,0
2024-12-16,de,meta,EUR,23.95,2405,15,0
2024-12-16,de,organic,EUR,0.00,0,0,0
2024-12-16,fr,direct,EUR,0.00,0,0,0
2024-12-16,fr,email,EUR,0.28,242,1,0
2024-12-16,fr,google,EUR,2.08,60,3,0
2024-12-16,fr,meta,EUR,22.42,2978,27,0
2024-12-16,fr,organic,EUR,0.00,0,0,0
2024-12-17,at,direct,EUR,0.00,0,0,0
2024-12-17,at,email,EUR,0.06,36,0,0
2024-12-17,at,google,EUR,0.57,28,1,0
2024-12-17,at,meta,EUR,4.24,664,4,0
2024-12-17,at,organic,EUR,0.00,0,0,0
2024-12-17,de,direct,EUR,0.00,0,0,0
2024-12-17,de,email,EUR,0.39,218,9,0
2024-12-17,de,google,EUR,4.58,186,12,0
2024-12-17,de,meta,EUR,40.80,3795,55,0
2024-12-17,de,organic,EUR,0.00,0,0,0
2024-12-17,fr,direct,EUR,0.00,0,0,0
2024-12-17,fr,email,EUR,0.50,437,10,0
2024-12-17,fr,google,EUR,4.06,161,14,0
2024-12-17,fr,meta,EUR,11.87,1322,12,0
2024-12-17,fr,organic,EUR,0.00,0,0,0
2024-12-18,at,direct,EUR,0.00,0,0,0
2024-12-18,at,email,EUR,0.09,89,3,0
2024-12-18,at,google,EUR,0.62,23,1,0
2024-12-18,at,meta,EUR,3.12,484,4,0
2024-12-18,at,organic,EUR,0.00,0,0,0
2024-12-18,de,direct,EUR,0.00,0,0,0
2024-12-18,de,email,EUR,0.42,421,14,0
2024-12-18,de,google,EUR,5.81,221,19,1
2024-12-18,de,meta,EUR,49.11,4529,94,0
2024-12-18,de,organic,EUR,0.00,0,0,0
2024-12-18,fr,direct,EUR,0.00,0,0,0
2024-12-18,fr,email,EUR,0.29,175,9,0
2024-12-18,fr,google,EUR,3.69,127,9,0
2024-12-18,fr,meta,EUR,24.40,2442,20,0
2024-12-18,fr,organic,EUR,0.00,0,0,0
2024-12-19,at,direct,EUR,0.00,0,0,0
2024-12-19,at,email,EUR,0.06,66,1,0
2024-12-19,at,google,EUR,0.33,17,1,0
2024-12-19,at,meta,EUR,4.03,395,6,0
2024-12-19,at,organic,EUR,0.00,0,0,0
2024-12-19,de,direct,EUR,0.00,0,0,2
2024-12-19,de,email,EUR,0.35,253,8,0
2024-12-19,de,google,EUR,4.77,175,11,0
2024-12-19,de,meta,EUR,26.31,2427,36,0
2024-12-19,de,organic,EUR,0.00,0,0,0
2024-12-19,fr,direct,EUR,0.00,0,0,0
2024-12-19,fr,email,EUR,0.23,185,3,0
2024-12-19,fr,google,EUR,3.85,160,9,0
2024-12-19,fr,meta,EUR,21.66,2312,41,0
2024-12-19,fr,organic,EUR,0.00,0,0,0
2024-12-20,at,direct,EUR,0.00,0,0,0
2024-12-20,at,email,EUR,0.09,100,2,0
2024-12-20,at,google,EUR,0.52,17,0,0
2024-12-20,at,meta,EUR,5.32,743,7,0
2024-12-20,at,organic,EUR,0.00,0,0,0
2024-12-20,de,direct,EUR,0.00,0,0,0
2024-12-20,de,email,EUR,0.31,193,8,0
2024-12-20,de,google,EUR,4.76,137,10,0
2024-12-20,de,meta,EUR,28.42,2665,31,1
2024-12-20,de,organic,EUR,0.00,0,0,0
2024-12-20,fr,direct,EUR,0.00,0,0,0
2024-12-20,fr,email,EUR,0.32,234,9,0
2024-12-20,fr,google,EUR,2.98,90,8,0
2024-12-20,fr,meta,EUR,22.11,2790,53,1
2024-12-20,fr,organic,EUR,0.00,0,0,0
2024-12-21,at,direct,EUR,0.00,0,0,0
2024-12-21,at,email,EUR,0.06,34,1,0
2024-12-21,at,google,EUR,0.56,25,1,0
2024-12-21,at,meta,EUR,4.63,409,5,0
2024-12-21,at,organic,EUR,0.00,0,0,0
2024-12-21,de,direct,EUR,0.00,0,0,0
2024-12-21,de,email,EUR,0.15,108,5,0
2024-12-21,de,google,EUR,3.34,152,7,0
2024-12-21,de,meta,EUR,18.13,2305,40,0
2024-12-21,de,organic,EUR,0.00,0,0,0
2024-12-21,fr,direct,EUR,0.00,0,0,0
2024-12-21,fr,email,EUR,0.22,162,5,0
2024-12-21,fr,google,EUR,2.76,93,2,0
2024-12-21,fr,meta,EUR,16.43,1545,20,0
2024-12-21,fr,organic,EUR,0.00,0,0,0
2024-12-22,at,direct,EUR,0.00,0,0,0
2024-12-22,at,email,EUR,0.03,31,0,0
2024-12-22,at,google,EUR,0.39,11,0,0
2024-12-22,at,meta,EUR,3.22,487,7,0
2024-12-22,at,organic,EUR,0.00,0,0,0
2024-12-22,de,direct,EUR,0.00,0,0,0
2024-12-22,de,email,EUR,0.18,122,3,0
2024-12-22,de,google,EUR,3.12,97,2,0
2024-12-22,de,meta,EUR,26.38,2756,40,0
2024-12-22,de,organic,EUR,0.00,0,0,0
2024-12-22,fr,direct,EUR,0.00,0,0,0
2024-12-22,fr,email,EUR,0.19,121,4,0
2024-12-22,fr,google,EUR,1.22,48,0,0
2024-12-22,fr,meta,EUR,12.23,1483,15,0
2024-12-22,fr,organic,EUR,0.00,0,0,0
2024-12-23,at,direct,EUR,0.00,0,0,0
2024-12-23,at,email,EUR,0.05,30,0,0
2024-12-23,at,google,EUR,0.27,9,1,1
2024-12-23,at,meta,EUR,3.67,307,1,0
2024-12-23,at,organic,EUR,0.00,0,0,0
2024-12-23,de,direct,EUR,0.00,0,0,0
2024-12-23,de,email,EUR,0.15,178,4,0
2024-12-23,de,google,EUR,2.78,144,11,1
2024-12-23,de,meta,EUR,27.38,2540,35,1
2024-12-23,de,organic,EUR,0.00,0,0,0
2024-12-23,fr,direct,EUR,0.00,0,0,0
2024-12-23,fr,email,EUR,0.18,156,3,0
2024-12-23,fr,google,EUR,1.92,74,2,0
2024-12-23,fr,meta,EUR,10.26,956,10,1
2024-12-23,fr,organic,EUR,0.00,0,0,0
2024-12-24,at,direct,EUR,0.00,0,0,0
2024-12-24,at,email,EUR,0.05,52,2,0
2024-12-24,at,google,EUR,0.42,22,3,0
2024-12-24,at,meta,EUR,2.61,294,5,0
2024-12-24,at,organic,EUR,0.00,0,0,0
2024-12-24,de,direct,EUR,0.00,0,0,0
2024-12-24,de,email,EUR,0.19,188,4,0
2024-12-24,de,google,EUR,2.85,130,6,0
2024-12-24,de,meta,EUR,20.00,3008,30,0
2024-12-24,de,organic,EUR,0.00,0,0,0
2024-12-24,fr,direct,EUR,0.00,0,0,0
2024-12-24,fr,email,EUR,0.13,98,0,0
2024-12-24,fr,google,EUR,0.99,33,2,0
2024-12-24,fr,meta,EUR,12.61,1142,9,0
2024-12-24,fr,organic,EUR,0.00,0,0,0
2024-12-25,at,direct,EUR,0.00,0,0,0
2024-12-25,at,email,EUR,0.05,36,2,0
2024-12-25,at,google,EUR,0.57,24,2,0
2024-12-25,at,meta,EUR,3.69,491,6,0
2024-12-25,at,organic,EUR,0.00,0,0,0
2024-12-25,de,direct,EUR,0.00,0,0,0
2024-12-25,de,email,EUR,0.14,74,2,0
2024-12-25,de,google,EUR,2.30,84,12,0
2024-12-25,de,meta,EUR,14.30,1329,12,1
2024-12-25,de,organic,EUR,0.00,0,0,0
2024-12-25,fr,direct,EUR,0.00,0,0,0
2024-12-25,fr,email,EUR,0.12,68,4,0
2024-12-25,fr,google,EUR,1.39,44,1,0
2024-12-25,fr,meta,EUR,20.00,2521,35,0
2024-12-25,fr,organic,EUR,0.00,0,0,0
2024-12-26,at,direct,EUR,0.00,0,0,0
2024-12-26,at,email,EUR,0.04,21,0,0
2024-12-26,at,google,EUR,0.55,21,0,0
2024-12-26,at,meta,EUR,2.64,251,6,0
2024-12-26,at,organic,EUR,0.00,0,0,0
2024-12-26,de,direct,EUR,0.00,0,0,0
2024-12-26,de,email,EUR,0.17,87,1,0
2024-12-26,de,google,EUR,3.63,189,8,1
2024-12-26,de,meta,EUR,15.13,1301,23,1
2024-12-26,de,organic,EUR,0.00,0,0,0
2024-12-26,fr,direct,EUR,0.00,0,0,0
2024-12-26,fr,email,EUR,0.22,170,5,0
2024-12-26,fr,google,EUR,2.07,76,3,0
2024-12-26,fr,meta,EUR,11.69,1034,20,0
2024-12-26,fr,organic,EUR,0.00,0,0,0
2024-12-27,at,direct,EUR,0.00,0,0,0
2024-12-27,at,email,EUR,0.04,35,0,0
2024-12-27,at,google,EUR,0.46,16,4,0
2024-12-27,at,meta,EUR,3.10,263,3,0
2024-12-27,at,organic,EUR,0.00,0,0,0
2024-12-27,de,direct,EUR,0.00,0,0,0
2024-12-27,de,email,EUR,0.20,183,3,0
2024-12-27,de,google,EUR,3.65,114,3,0
2024-12-27,de,meta,EUR,25.62,3363,39,0
2024-12-27,de,organic,EUR,0.00,0,0,0
2024-12-27,fr,direct,EUR,0.00,0,0,0
2024-12-27,fr,email,EUR,0.34,190,6,0
2024-12-27,fr,google,EUR,5.07,156,9,1
2024-12-27,fr,meta,EUR,11.53,1057,15,0
2024-12-27,fr,organic,EUR,0.00,0,0,1
2024-12-28,at,direct,EUR,0.00,0,0,0
2024-12-28,at,email,EUR,0.04,39,0,0
2024-12-28,at,google,EUR,0.43,19,1,0
2024-12-28,at,meta,EUR,2.98,401,6,0
2024-12-28,at,organic,EUR,0.00,0,0,0
2024-12-28,de,direct,EUR,0.00,0,0,0
2024-12-28,de,email,EUR,0.22,146,5,0
2024-12-28,de,google,EUR,3.69,115,4,0
2024-12-28,de,meta,EUR,30.24,3861,59,0
2024-12-28,de,organic,EUR,0.00,0,0,0
2024-12-28,fr,direct,EUR,0.00,0,0,0
2024-12-28,fr,email,EUR,0.24,172,4,0
2024-12-28,fr,google,EUR,1.53,77,5,0
2024-12-28,fr,meta,EUR,16.24,2235,34,0
2024-12-28,fr,organic,EUR,0.00,0,0,0
2024-12-29,at,direct,EUR,0.00,0,0,0
2024-12-29,at,email,EUR,0.04,30,0,0
2024-12-29,at,google,EUR,0.28,15,1,0
2024-12-29,at,meta,EUR,1.91,292,5,0
2024-12-29,at,organic,EUR,0.00,0,0,0
2024-12-29,de,direct,EUR,0.00,0,0,0
2024-12-29,de,email,EUR,0.16,158,4,0
2024-12-29,de,google,EUR,2.99,157,5,0
2024-12-29,de,meta,EUR,9.59,864,7,0
2024-12-29,de,organic,EUR,0.00,0,0,0
2024-12-29,fr,direct,EUR,0.00,0,0,0
2024-12-29,fr,email,EUR,0.21,168,7,1
2024-12-29,fr,google,EUR,1.25,66,2,0
2024-12-29,fr,meta,EUR,8.19,1294,14,0
2024-12-29,fr,organic,EUR,0.00,0,0,0
2024-12-30,at,direct,EUR,0.00,0,0,0
2024-12-30,at,email,EUR,0.03,30,2,0
2024-12-30,at,google,EUR,0.43,15,1,0
2024-12-30,at,meta,EUR,4.12,553,6,0
2024-12-30,at,organic,EUR,0.00,0,0,0
2024-12-30,de,direct,EUR,0.00,0,0,0
2024-12-30,de,email,EUR,0.13,85,2,0
2024-12-30,de,google,EUR,3.87,190,10,0
2024-12-30,de,meta,EUR,17.77,1657,40,1
2024-12-30,de,organic,EUR,0.00,0,0,0
2024-12-30,fr,direct,EUR,0.00,0,0,0
2024-12-30,fr,email,EUR,0.25,137,6,0
2024-12-30,fr,google,EUR,2.13,97,3,0
2024-12-30,fr,meta,EUR,7.53,1156,12,0
2024-12-30,fr,organic,EUR,0.00,0,0,0
2024-12-31,at,direct,EUR,0.00,0,0,0
2024-12-31,at,email,EUR,0.05,29,0,0
2024-12-31,at,google,EUR,0.42,13,0,0
2024-12-31,at,meta,EUR,3.89,518,8,0
2024-12-31,at,organic,EUR,0.00,0,0,0
2024-12-31,de,direct,EUR,0.00,0,0,1
2024-12-31,de,email,EUR,0.11,102,3,1
2024-12-31,de,google,EUR,4.03,128,4,0
2024-12-31,de,meta,EUR,33.56,4084,47,0
2024-12-31,de,organic,EUR,0.00,0,0,0
2024-12-31,fr,direct,EUR,0.00,0,0,0
2024-12-31,fr,email,EUR,0.21,217,8,0
2024-12-31,fr,google,EUR,3.58,169,4,1
2024-12-31,fr,meta,EUR,12.01,1037,8,0
2024-12-31,fr,organic,EUR,0.00,0,0,0
